{
    "fid_infinity": 89.36833341096741,
    "kid_infinity": 0.07681060239417518,
    "fid_values": [
        102.23111858338501,
        100.11574086358064,
        98.17316901487496,
        97.16455397057086,
        96.12621724141613,
        95.78756621804897,
        95.0352295270811,
        94.53500733431679,
        94.26376266294625,
        94.16942693755095,
        93.78888504724858
    ],
    "kid_values": [
        0.07738773584365845,
        0.07768153429031371,
        0.07655457973480224,
        0.07717043161392212,
        0.07710556268692016,
        0.07730905294418335,
        0.07692179918289184,
        0.0768396520614624,
        0.07693485736846924,
        0.07740742206573487,
        0.0769612717628479
    ],
    "batch_sizes": [
        1000,
        1200,
        1400,
        1600,
        1800,
        2000,
        2200,
        2400,
        2600,
        2800,
        3000
    ]
}