{
    "fid_infinity": 89.26175573257385,
    "fid_std_error": 0.13537664233613206,
    "fid_r2": 0.9722115882032155,
    "kid_infinity": 0.07985041973264916,
    "kid_std_error": 0.00019187844355037423,
    "kid_r2": 0.014902442061568766,
    "fid_values": [
        94.94556098118275,
        92.26659605842059,
        90.82463285547138,
        91.20059179650144,
        90.80941223788341,
        90.124019803084,
        89.88018228045584,
        89.81484523392118,
        89.75667949892554,
        89.84576282176374
    ],
    "kid_values": [
        0.07969024419784546,
        0.07965896368026733,
        0.07926691055297852,
        0.08069664716720581,
        0.08015273571014404,
        0.07981152534484863,
        0.07980502367019654,
        0.07955190658569336,
        0.07972544431686401,
        0.07964815616607666
    ],
    "batch_sizes": [
        2000,
        4000,
        6000,
        8000,
        10000,
        12000,
        14000,
        16000,
        18000,
        20000
    ]
}