{
    "fid_infinity": 68.34324493080182,
    "fid_std_error": 0.12101180956113639,
    "fid_r2": 0.9725223804450028,
    "kid_infinity": 0.05887056972021501,
    "kid_std_error": 0.00022511457796661234,
    "kid_r2": 0.519556839697155,
    "fid_values": [
        73.26049952282915,
        71.35216312252837,
        70.33653020377812,
        69.82192090443729,
        69.22791924932307,
        69.20514321531292,
        68.71790470759919,
        69.04765293736321,
        68.84369812023252,
        68.7690774178524
    ],
    "kid_values": [
        0.05675288915634155,
        0.05854828119277954,
        0.05890265703201294,
        0.05915700674057007,
        0.05824837446212769,
        0.05828694105148315,
        0.05850248098373413,
        0.058412027359008786,
        0.05875889301300049,
        0.05820979356765747
    ],
    "batch_sizes": [
        2000,
        4000,
        6000,
        8000,
        10000,
        12000,
        14000,
        16000,
        18000,
        20000
    ]
}