{
    "fid_infinity": 80.9780860205582,
    "fid_std_error": 0.09996406141791304,
    "fid_r2": 0.9863818872020923,
    "kid_infinity": 0.06681669387703056,
    "kid_std_error": 0.00012474469584290558,
    "kid_r2": 0.3757501323560841,
    "fid_values": [
        87.28081154396455,
        83.84308026073506,
        82.53136565012437,
        82.51167122620865,
        82.25600020982716,
        82.13002267953527,
        81.8546132835531,
        81.8208286162693,
        81.7427056002399,
        81.71311206895825
    ],
    "kid_values": [
        0.06768199682235718,
        0.06673658132553101,
        0.06699923753738403,
        0.06694522380828857,
        0.06723054885864257,
        0.06702594995498658,
        0.06698448657989502,
        0.06672985076904298,
        0.06726758718490601,
        0.06660213708877563
    ],
    "batch_sizes": [
        2000,
        4000,
        6000,
        8000,
        10000,
        12000,
        14000,
        16000,
        18000,
        20000
    ]
}