{
    "fid_infinity": 74.87501948459362,
    "fid_std_error": 0.20725571876522347,
    "fid_r2": 0.9274441579978558,
    "kid_infinity": 0.06699304069079849,
    "kid_std_error": 0.0003001526194501844,
    "kid_r2": 0.25848225996854324,
    "fid_values": [
        80.38010220109575,
        77.07545953343475,
        76.12523323846875,
        77.16223480769654,
        75.84973298074041,
        75.85288722440472,
        75.65371880535233,
        75.69798159962474,
        75.34615563259874,
        75.20007970762708
    ],
    "kid_values": [
        0.06587483406066895,
        0.06572490453720092,
        0.06623253822326661,
        0.06811266660690307,
        0.06639838695526123,
        0.0667227292060852,
        0.06702083826065064,
        0.06700293779373169,
        0.06689431190490723,
        0.06621699571609498
    ],
    "batch_sizes": [
        2000,
        4000,
        6000,
        8000,
        10000,
        12000,
        14000,
        16000,
        18000,
        20000
    ]
}