{
    "fid_infinity": 78.412018370297,
    "kid_infinity": 0.06273882166058585,
    "fid_values": [
        90.7573301319112,
        89.1457554336717,
        87.14667567420855,
        85.88353864595197,
        85.2383300691389,
        84.1315899051827,
        84.28918804294813,
        83.52983155911201,
        83.17205429969434,
        82.98382456366232,
        82.71795644887186
    ],
    "kid_values": [
        0.06289079666137695,
        0.06321696281433105,
        0.06289178848266602,
        0.06275283813476562,
        0.06325007677078247,
        0.062421865463256836,
        0.06345664024353027,
        0.06254669427871704,
        0.06267531871795655,
        0.0630591344833374,
        0.06275140047073365
    ],
    "batch_sizes": [
        1000,
        1200,
        1400,
        1600,
        1800,
        2000,
        2200,
        2400,
        2600,
        2800,
        3000
    ]
}