{
    "fid_infinity": 78.54874028470287,
    "kid_infinity": 0.06257977642631846,
    "fid_values": [
        90.97314591853126,
        87.9967538566219,
        87.65678207166167,
        85.5698950820717,
        85.66476138529876,
        83.95689371743038,
        84.06031313733408,
        83.70806486894207,
        83.19614496472013,
        82.95247624667903,
        82.71807185794594
    ],
    "kid_values": [
        0.06387764692306519,
        0.062126779556274415,
        0.06322862625122071,
        0.06270925760269165,
        0.06384356498718262,
        0.06218142509460449,
        0.06301269054412842,
        0.06275741338729858,
        0.06264492273330688,
        0.06312032699584962,
        0.06292464017868042
    ],
    "batch_sizes": [
        1000,
        1200,
        1400,
        1600,
        1800,
        2000,
        2200,
        2400,
        2600,
        2800,
        3000
    ]
}