{
    "fid_infinity": 64.4966070116144,
    "fid_std_error": 0.20753919342926838,
    "fid_r2": 0.9560815045881168,
    "kid_infinity": 0.0534717127898505,
    "kid_std_error": 0.0002705865762590545,
    "kid_r2": 0.02612352815315644,
    "fid_values": [
        71.2441098580513,
        68.38383890366666,
        67.50790249399171,
        65.38155563722722,
        65.7107985934465,
        65.88755649150139,
        65.32198977030623,
        65.39676072937147,
        65.33124549520099,
        65.17777956186742
    ],
    "kid_values": [
        0.05277206420898437,
        0.053792719841003415,
        0.0545018482208252,
        0.05276260614395142,
        0.0530658221244812,
        0.053818633556365965,
        0.053218891620635984,
        0.053234953880310056,
        0.05358882904052734,
        0.053028156757354734
    ],
    "batch_sizes": [
        2000,
        4000,
        6000,
        8000,
        10000,
        12000,
        14000,
        16000,
        18000,
        20000
    ]
}