{
    "fid_infinity": 100.94980871023566,
    "kid_infinity": 0.08479240831894048,
    "fid_values": [
        112.17856209230973,
        109.68378436480435,
        107.54583907528041,
        107.80228070243061,
        106.20360545363553,
        106.51623080533176,
        106.0208497092215,
        105.50796340076272,
        104.87995804590588,
        104.94153967434028,
        104.64110625129598
    ],
    "kid_values": [
        0.08658581972122192,
        0.08493373394012452,
        0.08420345306396484,
        0.08610146045684815,
        0.08481756448745728,
        0.08594489336013794,
        0.08528068542480469,
        0.0851128363609314,
        0.08467958211898803,
        0.08569374561309814,
        0.08507433891296387
    ],
    "batch_sizes": [
        1000,
        1200,
        1400,
        1600,
        1800,
        2000,
        2200,
        2400,
        2600,
        2800,
        3000
    ]
}