{
    "fid_infinity": 63.86405512803978,
    "fid_std_error": 0.15418545675018824,
    "fid_r2": 0.9672166427942306,
    "kid_infinity": 0.05321416531407698,
    "kid_std_error": 0.00017633984556331874,
    "kid_r2": 0.2798911164111626,
    "fid_values": [
        69.61070148401046,
        67.53468632103,
        66.07450176472281,
        64.85736937835603,
        65.14434885702659,
        64.9606082708591,
        64.62181998416764,
        64.56964505553563,
        64.45088087983777,
        64.44000738774764
    ],
    "kid_values": [
        0.05207950353622436,
        0.0534629225730896,
        0.05340079545974732,
        0.052602183818817136,
        0.05315340757369995,
        0.05304731607437134,
        0.05327028512954712,
        0.05294455051422119,
        0.05309788465499878,
        0.05276928901672363
    ],
    "batch_sizes": [
        2000,
        4000,
        6000,
        8000,
        10000,
        12000,
        14000,
        16000,
        18000,
        20000
    ]
}