{
    "fid_infinity": 70.76098118129457,
    "fid_std_error": 0.15125075729518567,
    "fid_r2": 0.9789837213716346,
    "kid_infinity": 0.061396412895285885,
    "kid_std_error": 0.00020330964917743274,
    "kid_r2": 0.5404672325957807,
    "fid_values": [
        78.48513462233129,
        73.76584138940348,
        73.06332255062964,
        72.79684548327236,
        72.23001060702035,
        72.34602336866902,
        71.65366222544205,
        71.7649361406003,
        71.64387997031261,
        71.58385238625982
    ],
    "kid_values": [
        0.06339816570281982,
        0.06114853382110596,
        0.061813805103302005,
        0.06195737838745117,
        0.06185016632080078,
        0.06200860261917114,
        0.06162372827529907,
        0.06173367261886597,
        0.06164367914199829,
        0.06142632007598877
    ],
    "batch_sizes": [
        2000,
        4000,
        6000,
        8000,
        10000,
        12000,
        14000,
        16000,
        18000,
        20000
    ]
}