{
    "fid_infinity": 64.40123457899408,
    "fid_std_error": 0.19625611568865456,
    "fid_r2": 0.9668656377637357,
    "kid_infinity": 0.054308730402828284,
    "kid_std_error": 0.00021074274286393964,
    "kid_r2": 0.22707146913024656,
    "fid_values": [
        72.38958127248642,
        67.57913777820576,
        66.96339909510334,
        65.61527225063173,
        65.95684396453822,
        65.6560685315228,
        65.46280546788822,
        65.87607422093879,
        65.41533313655603,
        65.40750822727284
    ],
    "kid_values": [
        0.055430891513824465,
        0.054135494232177735,
        0.05490059614181519,
        0.05372164964675903,
        0.054447178840637205,
        0.054209487438201906,
        0.05465798377990723,
        0.05486559391021729,
        0.05473038911819458,
        0.05439179658889771
    ],
    "batch_sizes": [
        2000,
        4000,
        6000,
        8000,
        10000,
        12000,
        14000,
        16000,
        18000,
        20000
    ]
}