{
    "fid_infinity": 97.60988146404996,
    "fid_std_error": 0.10519669212665739,
    "fid_r2": 0.9755205412918855,
    "kid_infinity": 0.09300076734502058,
    "kid_std_error": 0.00021223458577619445,
    "kid_r2": 0.4107270074840452,
    "fid_values": [
        102.30209628213518,
        99.98323609727183,
        99.25379242704213,
        99.29677050861795,
        98.71400366040865,
        98.22408952745644,
        98.10376548443844,
        97.98181167851729,
        98.15512240465401,
        98.05893100404754
    ],
    "kid_values": [
        0.09153661966323852,
        0.09247209548950196,
        0.09259956121444703,
        0.09358352422714233,
        0.09312821865081787,
        0.09219160556793213,
        0.09274737358093262,
        0.0925068187713623,
        0.092978093624115,
        0.09253503322601318
    ],
    "batch_sizes": [
        2000,
        4000,
        6000,
        8000,
        10000,
        12000,
        14000,
        16000,
        18000,
        20000
    ]
}