{
    "fid_infinity": 85.87913705838314,
    "kid_infinity": 0.07184207025570012,
    "fid_values": [
        97.61796156161759,
        95.16706161759936,
        94.4959250152969,
        93.33916295654853,
        92.41580782765925,
        91.5764344924753,
        90.41056648923379,
        90.67051786807977,
        90.45018284726166,
        90.2082880514387,
        89.97781288576346
    ],
    "kid_values": [
        0.07222357988357545,
        0.07109569787979125,
        0.07216408729553223,
        0.07260886669158935,
        0.07248419761657715,
        0.07177431106567383,
        0.07089443206787109,
        0.0716014003753662,
        0.07174952268600464,
        0.0723332142829895,
        0.07209891796112061
    ],
    "batch_sizes": [
        1000,
        1200,
        1400,
        1600,
        1800,
        2000,
        2200,
        2400,
        2600,
        2800,
        3000
    ]
}