{
    "fid_infinity": 65.92014020294495,
    "fid_std_error": 0.0883677519367952,
    "fid_r2": 0.9867161854974771,
    "kid_infinity": 0.05230655946676783,
    "kid_std_error": 0.00011258598041404091,
    "kid_r2": 0.29636433295655273,
    "fid_values": [
        71.24267370401688,
        68.818815715782,
        68.03700634162331,
        67.26560727230117,
        67.04642089867511,
        67.0582148903793,
        66.47587964582567,
        66.45328186023718,
        66.491920937162,
        66.33867840276727
    ],
    "kid_values": [
        0.051555843353271485,
        0.05238688945770264,
        0.052332792282104496,
        0.05233773708343506,
        0.05212647676467896,
        0.05244031190872192,
        0.05207746028900147,
        0.05198253870010376,
        0.052298009395599365,
        0.05198991298675537
    ],
    "batch_sizes": [
        2000,
        4000,
        6000,
        8000,
        10000,
        12000,
        14000,
        16000,
        18000,
        20000
    ]
}