{
    "fid_infinity": 77.0877010190821,
    "fid_std_error": 0.10350521801802427,
    "fid_r2": 0.9804631076609038,
    "kid_infinity": 0.06247960610790358,
    "kid_std_error": 0.00021750914518713524,
    "kid_r2": 0.47184584600125457,
    "fid_values": [
        82.22580168667287,
        79.72669969433247,
        79.34763535716542,
        78.55117316831647,
        77.96754179998868,
        77.98154965776178,
        77.79779508080048,
        77.51437886063434,
        77.63114031861818,
        77.56366962566884
    ],
    "kid_values": [
        0.06060498237609863,
        0.06213992595672607,
        0.06276400089263916,
        0.062285084724426266,
        0.062073650360107424,
        0.062256929874420164,
        0.0624883222579956,
        0.06191849946975708,
        0.06233810424804687,
        0.061600191593170164
    ],
    "batch_sizes": [
        2000,
        4000,
        6000,
        8000,
        10000,
        12000,
        14000,
        16000,
        18000,
        20000
    ]
}