{
    "fid_infinity": 101.80895463627101,
    "kid_infinity": 0.08548873184422374,
    "fid_values": [
        110.28499459622867,
        109.93056612785875,
        108.5168870219419,
        108.0338401192509,
        106.46296824322013,
        106.49274019237657,
        106.87216387833831,
        105.57030353270252,
        104.53025767799897,
        105.05526801574945,
        104.64117750678875
    ],
    "kid_values": [
        0.08482255935668945,
        0.08554372787475586,
        0.08527723789215087,
        0.08563085079193115,
        0.08456275701522827,
        0.0856952166557312,
        0.08667130470275879,
        0.08516779661178589,
        0.08456229448318481,
        0.08555035352706909,
        0.08504701137542725
    ],
    "batch_sizes": [
        1000,
        1200,
        1400,
        1600,
        1800,
        2000,
        2200,
        2400,
        2600,
        2800,
        3000
    ]
}