{
    "fid_infinity": 240.4313610032728,
    "fid_std_error": 0.4255261423859254,
    "fid_r2": 0.8199710786388037,
    "kid_infinity": 0.2127649787041809,
    "kid_std_error": 0.0005452095440019642,
    "kid_r2": 0.07198544006522278,
    "fid_values": [
        246.60204144066066,
        245.52370525479134,
        241.15552624076318,
        241.706763003466,
        241.09213001218112,
        241.92314720226958,
        241.61293570220258,
        241.31383640795372,
        241.48861728786719,
        241.00578921763878
    ],
    "kid_values": [
        0.21106666326522827,
        0.21462973833084106,
        0.21049196243286133,
        0.21274083375930786,
        0.21210462093353272,
        0.21293927669525148,
        0.21269344329833983,
        0.21283871650695801,
        0.2128531002998352,
        0.21209596157073973
    ],
    "batch_sizes": [
        2000,
        4000,
        6000,
        8000,
        10000,
        12000,
        14000,
        16000,
        18000,
        20000
    ]
}