{
    "fid_infinity": 256.8516791454976,
    "fid_std_error": 0.25442515639236024,
    "fid_r2": 0.9665557773906569,
    "kid_infinity": 0.22555797061058117,
    "kid_std_error": 0.00030811311003641037,
    "kid_r2": 0.26315502023134885,
    "fid_values": [
        266.46399678451576,
        262.0049089329634,
        260.64964141837834,
        259.7786201915317,
        257.9175945454422,
        257.95882275274573,
        258.98012503672817,
        258.1716905062607,
        257.6746966151933,
        257.6999101559931
    ],
    "kid_values": [
        0.226522319316864,
        0.22724589109420776,
        0.22521108388900757,
        0.22687309265136718,
        0.22529420614242554,
        0.22565520524978638,
        0.22614848852157593,
        0.22557000637054445,
        0.22534539461135863,
        0.22558886289596558
    ],
    "batch_sizes": [
        2000,
        4000,
        6000,
        8000,
        10000,
        12000,
        14000,
        16000,
        18000,
        20000
    ]
}