{
    "fid_infinity": 266.37129125009625,
    "fid_std_error": 0.317892555907362,
    "fid_r2": 0.8579274022476251,
    "kid_infinity": 0.2459905752196663,
    "kid_std_error": 0.00030966738885696433,
    "kid_r2": 0.09750879008897084,
    "fid_values": [
        271.81366088513175,
        270.2770695199701,
        266.9202906686165,
        267.9738374477687,
        266.97527291325383,
        267.84151564376725,
        267.31599536253685,
        267.13986400807323,
        267.02303752417083,
        266.8714223828812
    ],
    "kid_values": [
        0.24502308607101442,
        0.2466256856918335,
        0.24471477508544923,
        0.24641180038452148,
        0.24520181655883788,
        0.24620720148086547,
        0.24621650218963623,
        0.2456865453720093,
        0.2454844331741333,
        0.24619189262390137
    ],
    "batch_sizes": [
        2000,
        4000,
        6000,
        8000,
        10000,
        12000,
        14000,
        16000,
        18000,
        20000
    ]
}