{
    "fid_infinity": 174.0539496797395,
    "fid_std_error": 0.442743539349435,
    "fid_r2": 0.8538750945594498,
    "kid_infinity": 0.17056195503857294,
    "kid_std_error": 0.0004939298083021236,
    "kid_r2": 0.0016121434972719006,
    "fid_values": [
        180.9078127575539,
        180.08902301680766,
        176.95967872574897,
        175.21457196927503,
        174.81559311498074,
        174.98263321472098,
        175.34395177584932,
        175.1864010814531,
        174.81459534395373,
        174.74758227684347
    ],
    "kid_values": [
        0.16952941656112672,
        0.17296890258789063,
        0.17152426958084108,
        0.1704792261123657,
        0.17020775079727174,
        0.17023902177810668,
        0.17040781259536744,
        0.17071752548217772,
        0.16995668649673462,
        0.17000661849975585
    ],
    "batch_sizes": [
        2000,
        4000,
        6000,
        8000,
        10000,
        12000,
        14000,
        16000,
        18000,
        20000
    ]
}