{
    "fid_infinity": 266.5402908932792,
    "fid_std_error": 0.3137129820164443,
    "fid_r2": 0.8832207589179913,
    "kid_infinity": 0.24479999238127786,
    "kid_std_error": 0.0002830314825904684,
    "kid_r2": 0.45610001860926297,
    "fid_values": [
        272.0467894612943,
        271.2330395759646,
        268.60370914916547,
        268.4505433524421,
        267.45883945440187,
        267.2049408030839,
        267.29191328652803,
        267.08244079650933,
        267.2604086850957,
        266.9258862868379
    ],
    "kid_values": [
        0.2423991394042969,
        0.24511782169342042,
        0.24401251554489137,
        0.24433663368225098,
        0.24463508367538453,
        0.24437581062316893,
        0.24513413667678832,
        0.24406414985656738,
        0.2443711495399475,
        0.2440992760658264
    ],
    "batch_sizes": [
        2000,
        4000,
        6000,
        8000,
        10000,
        12000,
        14000,
        16000,
        18000,
        20000
    ]
}