{
    "fid_infinity": 275.9602702063014,
    "fid_std_error": 0.32765604074444465,
    "fid_r2": 0.8973109886759868,
    "kid_infinity": 0.25426788220991764,
    "kid_std_error": 0.0002444908704158956,
    "kid_r2": 0.0073819273487090165,
    "fid_values": [
        283.34944580759765,
        278.296783263167,
        278.33801097937135,
        278.42486683474795,
        276.3308731403918,
        277.356482852155,
        277.79299758692264,
        276.7978997379314,
        276.6287937929551,
        276.6688878445157
    ],
    "kid_values": [
        0.25441661834716794,
        0.2536091685295105,
        0.2540545964241028,
        0.2544102644920349,
        0.25353579998016357,
        0.25439809560775756,
        0.25505503416061404,
        0.25445970058441164,
        0.2536948204040527,
        0.25460103034973147
    ],
    "batch_sizes": [
        2000,
        4000,
        6000,
        8000,
        10000,
        12000,
        14000,
        16000,
        18000,
        20000
    ]
}