{
    "fid_infinity": 174.31747207115365,
    "fid_std_error": 0.0961822995447922,
    "fid_r2": 0.976384410470711,
    "kid_infinity": 0.20530846413711598,
    "kid_std_error": 0.00019593126185497191,
    "kid_r2": 0.29907599697372045,
    "fid_values": [
        178.64946909959025,
        176.9092734359067,
        175.7849484843568,
        175.26686392943506,
        174.9051040281888,
        175.10534189296425,
        175.1687219291104,
        174.77428865964774,
        174.7929897682805,
        174.8323705760327
    ],
    "kid_values": [
        0.20596137046813964,
        0.2065815043449402,
        0.20572402477264404,
        0.20522245168685913,
        0.2049875783920288,
        0.20515087366104126,
        0.2056794261932373,
        0.20524728298187256,
        0.2055852198600769,
        0.20563821315765382
    ],
    "batch_sizes": [
        2000,
        4000,
        6000,
        8000,
        10000,
        12000,
        14000,
        16000,
        18000,
        20000
    ]
}