{
    "fid_infinity": 116.49279044821498,
    "fid_std_error": 0.10521513157508312,
    "fid_r2": 0.975860462894782,
    "kid_infinity": 0.12119920992788231,
    "kid_std_error": 0.0001247741141296549,
    "kid_r2": 0.08248862498383469,
    "fid_values": [
        121.09162353192389,
        119.43877258680695,
        118.14638989262082,
        117.51853357994824,
        117.3342304045313,
        117.28947023908907,
        117.08959093397041,
        117.08627221152159,
        117.0599170903584,
        116.9508766272053
    ],
    "kid_values": [
        0.12072234630584716,
        0.12153947114944458,
        0.12133021593093872,
        0.12078108549118043,
        0.12118718862533569,
        0.12117955446243286,
        0.1208967137336731,
        0.12129014253616333,
        0.1212515139579773,
        0.12102656364440918
    ],
    "batch_sizes": [
        2000,
        4000,
        6000,
        8000,
        10000,
        12000,
        14000,
        16000,
        18000,
        20000
    ]
}