{
    "fid_infinity": 165.6205305213722,
    "fid_std_error": 0.15215438046392588,
    "fid_r2": 0.961889950898805,
    "kid_infinity": 0.1814870318978689,
    "kid_std_error": 0.00021007651642179106,
    "kid_r2": 0.019114553611843776,
    "fid_values": [
        171.30298971632527,
        168.1514963369358,
        166.84767054507722,
        167.0008544377405,
        167.00801775091554,
        166.95893152773985,
        166.46206905482504,
        166.0237084248197,
        166.40977017934242,
        166.12600786201173
    ],
    "kid_values": [
        0.18138362884521483,
        0.18214882612228395,
        0.18146371603012085,
        0.182305965423584,
        0.18150121688842774,
        0.1814296817779541,
        0.18121893167495728,
        0.18093045949935913,
        0.18180885314941406,
        0.18129616975784302
    ],
    "batch_sizes": [
        2000,
        4000,
        6000,
        8000,
        10000,
        12000,
        14000,
        16000,
        18000,
        20000
    ]
}