{
    "fid_infinity": 114.11913646900295,
    "fid_std_error": 0.0700014083491735,
    "fid_r2": 0.9878963595858627,
    "kid_infinity": 0.12322662256853081,
    "kid_std_error": 0.0001954815385156666,
    "kid_r2": 0.12958452277980748,
    "fid_values": [
        118.72938805555438,
        116.10716047583017,
        115.80944411219696,
        115.33429332350755,
        115.10078710551983,
        114.73143995601916,
        114.78284460118905,
        114.82421732083418,
        114.54737412544125,
        114.53296788970485
    ],
    "kid_values": [
        0.12288898944854737,
        0.1223085355758667,
        0.12320315599441528,
        0.12358380556106567,
        0.1228945279121399,
        0.1226936411857605,
        0.12321672916412353,
        0.12375987052917481,
        0.1230214762687683,
        0.12310824394226075
    ],
    "batch_sizes": [
        2000,
        4000,
        6000,
        8000,
        10000,
        12000,
        14000,
        16000,
        18000,
        20000
    ]
}