{
    "fid_infinity": 149.83072326273907,
    "kid_infinity": 0.1629752468614356,
    "fid_values": [
        161.08086050075596,
        158.41911309530838,
        157.6876176445089,
        156.64686235743886,
        155.587781496522,
        155.522641103786,
        154.7803410688015,
        154.47977448240175,
        153.76617154100657,
        153.86094855104997,
        153.56312808735262
    ],
    "kid_values": [
        0.16578452348709105,
        0.16310828447341919,
        0.16335811853408813,
        0.1645288872718811,
        0.16386113166809083,
        0.16461123704910277,
        0.16391040563583373,
        0.16374404668807985,
        0.16323849201202392,
        0.16359031677246094,
        0.16364500284194947
    ],
    "batch_sizes": [
        1000,
        1200,
        1400,
        1600,
        1800,
        2000,
        2200,
        2400,
        2600,
        2800,
        3000
    ]
}