{
    "fid_infinity": 150.24714271217962,
    "kid_infinity": 0.16370499691201928,
    "fid_values": [
        160.06178065342982,
        159.1327561419108,
        157.36913233173627,
        156.03349941386426,
        156.08079567909934,
        155.42475737407963,
        154.77321422429443,
        154.3053545992629,
        154.27429157848624,
        153.7677064310988,
        153.56318636159335
    ],
    "kid_values": [
        0.16347139596939086,
        0.16395453929901124,
        0.1632991051673889,
        0.16302600145339965,
        0.16390587329864503,
        0.16396650791168213,
        0.16360304832458497,
        0.163648624420166,
        0.16390613317489625,
        0.16321446418762206,
        0.16371893644332886
    ],
    "batch_sizes": [
        1000,
        1200,
        1400,
        1600,
        1800,
        2000,
        2200,
        2400,
        2600,
        2800,
        3000
    ]
}