{
    "fid_infinity": 134.15404629647475,
    "fid_std_error": 0.18874484516813153,
    "fid_r2": 0.8937569183941089,
    "kid_infinity": 0.14573886897919455,
    "kid_std_error": 0.00025028165238030726,
    "kid_r2": 0.08934032396527702,
    "fid_values": [
        137.6499694101861,
        137.00495923131442,
        135.60850345468748,
        135.18830006056714,
        135.05320352843003,
        134.9340808325589,
        134.31973312786272,
        134.5536661684256,
        134.45189322614306,
        134.29637542226186
    ],
    "kid_values": [
        0.14465208768844603,
        0.14660395860671996,
        0.14539456844329834,
        0.14581544637680055,
        0.14586068868637084,
        0.1458919882774353,
        0.1452089738845825,
        0.14566986083984376,
        0.1452937412261963,
        0.1453476905822754
    ],
    "batch_sizes": [
        2000,
        4000,
        6000,
        8000,
        10000,
        12000,
        14000,
        16000,
        18000,
        20000
    ]
}