{
    "fid_infinity": 113.39166868979373,
    "fid_std_error": 0.10826350360617716,
    "fid_r2": 0.973906345099837,
    "kid_infinity": 0.12037240765748786,
    "kid_std_error": 0.00019041142525215077,
    "kid_r2": 0.2872631586233111,
    "fid_values": [
        118.12915880380498,
        115.54939895116934,
        115.43648349095423,
        114.66678001055084,
        114.3991988238052,
        113.84101864117378,
        113.93589605942935,
        114.07285889289929,
        113.97489067642061,
        113.82973122704459
    ],
    "kid_values": [
        0.11941923141479492,
        0.11971253156661987,
        0.12092611074447632,
        0.12031147718429565,
        0.12016531467437744,
        0.1196178674697876,
        0.11993337631225585,
        0.12039842128753662,
        0.12031034469604492,
        0.1203855323791504
    ],
    "batch_sizes": [
        2000,
        4000,
        6000,
        8000,
        10000,
        12000,
        14000,
        16000,
        18000,
        20000
    ]
}