{
    "fid_infinity": 102.3714619952251,
    "fid_std_error": 0.0869213963989126,
    "fid_r2": 0.9855176738838662,
    "kid_infinity": 0.10830846701191793,
    "kid_std_error": 0.0001489514172771133,
    "kid_r2": 3.675376919010098e-05,
    "fid_values": [
        107.66745496151961,
        104.5241559896815,
        104.28737269490134,
        103.61982682695174,
        103.32795381619576,
        103.21744422798992,
        103.25507996075575,
        103.03663530253232,
        102.97592254307864,
        102.89196939040875
    ],
    "kid_values": [
        0.1085691499710083,
        0.10760281324386596,
        0.10829823970794678,
        0.10866347789764404,
        0.10838584661483765,
        0.10817211866378784,
        0.10850364446640015,
        0.10828441381454468,
        0.10817569494247437,
        0.1084482741355896
    ],
    "batch_sizes": [
        2000,
        4000,
        6000,
        8000,
        10000,
        12000,
        14000,
        16000,
        18000,
        20000
    ]
}