{
    "fid_infinity": 154.97511678099445,
    "kid_infinity": 0.17120989799542796,
    "fid_values": [
        164.4012971793328,
        163.7032747233011,
        161.68520414472073,
        161.5920738306545,
        161.15537160758038,
        159.92303557822817,
        159.5160936596242,
        159.0635967898957,
        158.78575144023125,
        158.19288100937248,
        158.02110865949615
    ],
    "kid_values": [
        0.16990054607391358,
        0.17134042978286743,
        0.17005212783813475,
        0.17067697525024414,
        0.17132681131362915,
        0.17047468423843384,
        0.17142505407333375,
        0.17058334350585938,
        0.170918071269989,
        0.17037697792053222,
        0.17105706453323363
    ],
    "batch_sizes": [
        1000,
        1200,
        1400,
        1600,
        1800,
        2000,
        2200,
        2400,
        2600,
        2800,
        3000
    ]
}