{
    "fid_infinity": 119.22895841676373,
    "fid_std_error": 0.15904090909780358,
    "fid_r2": 0.9339836728824373,
    "kid_infinity": 0.12318597126838093,
    "kid_std_error": 0.0002625806494982828,
    "kid_r2": 0.12444782825630507,
    "fid_values": [
        123.6336367175816,
        120.75532797134059,
        121.30320928561389,
        120.34664345869078,
        119.93704504096124,
        120.10378828642098,
        119.95172146834878,
        119.70143722051552,
        119.56072258121162,
        119.58470226926278
    ],
    "kid_values": [
        0.12269443511962891,
        0.12173091411590577,
        0.12385877847671509,
        0.12307877302169799,
        0.12317104339599609,
        0.12314599275588989,
        0.12298101425170899,
        0.12348657608032226,
        0.12273275852203369,
        0.12289617538452148
    ],
    "batch_sizes": [
        2000,
        4000,
        6000,
        8000,
        10000,
        12000,
        14000,
        16000,
        18000,
        20000
    ]
}