{
    "fid_infinity": 157.9516809729203,
    "fid_std_error": 0.10064710234019844,
    "fid_r2": 0.9696736004615961,
    "kid_infinity": 0.17767089870212782,
    "kid_std_error": 0.00016475644897291536,
    "kid_r2": 0.013524965965852065,
    "fid_values": [
        162.2060861555434,
        159.6367647198056,
        159.30391975166017,
        159.0645824137077,
        158.4358109294415,
        158.72258371062617,
        158.79970232831698,
        158.4405105944722,
        158.44642780096547,
        158.43692320143555
    ],
    "kid_values": [
        0.17753434896469117,
        0.17752837419509887,
        0.17773399829864503,
        0.1780818796157837,
        0.1768618106842041,
        0.17760194778442384,
        0.17801481008529663,
        0.17765830039978028,
        0.1777075219154358,
        0.17758002519607544
    ],
    "batch_sizes": [
        2000,
        4000,
        6000,
        8000,
        10000,
        12000,
        14000,
        16000,
        18000,
        20000
    ]
}