{
    "fid_infinity": 127.89254806676044,
    "fid_std_error": 0.09547934220347237,
    "fid_r2": 0.9795082557607349,
    "kid_infinity": 0.1344089066507763,
    "kid_std_error": 0.00013681408169758923,
    "kid_r2": 0.16635203421996336,
    "fid_values": [
        132.68031021365348,
        130.10426779647446,
        129.6844073642496,
        128.84661153201247,
        129.1320438433136,
        128.36157239306252,
        128.55585039734478,
        128.52458106240638,
        128.50181565258683,
        128.4255592175479
    ],
    "kid_values": [
        0.13395411014556885,
        0.13411094188690187,
        0.13456787109375,
        0.13410976648330689,
        0.1347314214706421,
        0.13399144649505615,
        0.133897066116333,
        0.13445522785186767,
        0.13447595834732057,
        0.1345091414451599
    ],
    "batch_sizes": [
        2000,
        4000,
        6000,
        8000,
        10000,
        12000,
        14000,
        16000,
        18000,
        20000
    ]
}