{
    "fid_infinity": 110.74162667926649,
    "fid_std_error": 0.06933626639291202,
    "fid_r2": 0.9853195437485198,
    "kid_infinity": 0.11605231831017133,
    "kid_std_error": 9.846396424960984e-05,
    "kid_r2": 0.6209175467436255,
    "fid_values": [
        114.72209847076712,
        113.06189450680145,
        112.02925033356684,
        111.75922480398756,
        111.67923064747475,
        111.17471525429056,
        111.31610191076783,
        111.27354244456896,
        111.2284500996474,
        111.12554703159935
    ],
    "kid_values": [
        0.11508321046829223,
        0.11560153245925903,
        0.11607789278030395,
        0.11579856634140015,
        0.11590401649475097,
        0.11579324960708619,
        0.11550918579101563,
        0.11615919589996337,
        0.1159934639930725,
        0.11595098972320557
    ],
    "batch_sizes": [
        2000,
        4000,
        6000,
        8000,
        10000,
        12000,
        14000,
        16000,
        18000,
        20000
    ]
}