{
    "fid_infinity": 160.18047558457434,
    "kid_infinity": 0.17044265809383666,
    "fid_values": [
        169.28683080313243,
        168.60366116508223,
        167.34165295602247,
        166.39413678398947,
        165.47420554471628,
        164.58347132458428,
        164.4277143047143,
        164.33250750227486,
        163.71808695811995,
        163.66115952253827,
        163.36233007051797
    ],
    "kid_values": [
        0.17067970514297484,
        0.1724208426475525,
        0.17088649034500122,
        0.17148669958114623,
        0.17051438570022584,
        0.17052991390228273,
        0.17095118761062622,
        0.17074928998947145,
        0.17090762615203858,
        0.17058009386062623,
        0.17101571321487427
    ],
    "batch_sizes": [
        1000,
        1200,
        1400,
        1600,
        1800,
        2000,
        2200,
        2400,
        2600,
        2800,
        3000
    ]
}