{
    "fid_infinity": 150.95931808408153,
    "kid_infinity": 0.1649299889768378,
    "fid_values": [
        162.38321838136554,
        160.04638663966338,
        158.5813941680167,
        157.70787991500544,
        157.39408968794504,
        156.6306717576192,
        156.19248572564663,
        155.12271940599993,
        155.35512928474947,
        154.9529237755974,
        154.83462637658607
    ],
    "kid_values": [
        0.1647749662399292,
        0.1642722010612488,
        0.16453059911727905,
        0.1639764451980591,
        0.16517575979232788,
        0.16436594247817993,
        0.1649615716934204,
        0.16466743469238282,
        0.16482704401016235,
        0.16470147371292115,
        0.16489123582839965
    ],
    "batch_sizes": [
        1000,
        1200,
        1400,
        1600,
        1800,
        2000,
        2200,
        2400,
        2600,
        2800,
        3000
    ]
}