{
    "fid_infinity": 108.0375780843953,
    "fid_std_error": 0.07891366645660425,
    "fid_r2": 0.9880087905284972,
    "kid_infinity": 0.11290067121267651,
    "kid_std_error": 0.00011244196317918036,
    "kid_r2": 0.36861036335299047,
    "fid_values": [
        113.08993844452743,
        110.8464795980837,
        109.90509702662942,
        109.24310266036187,
        108.72039313152939,
        108.91923994589712,
        108.76399032709196,
        108.67656785547925,
        108.67342306294304,
        108.61151309406057
    ],
    "kid_values": [
        0.11338714361190796,
        0.1136116075515747,
        0.11305543422698974,
        0.11313022136688232,
        0.11255263328552247,
        0.11300920486450196,
        0.11296427726745606,
        0.1131788158416748,
        0.11298830509185791,
        0.11293703317642212
    ],
    "batch_sizes": [
        2000,
        4000,
        6000,
        8000,
        10000,
        12000,
        14000,
        16000,
        18000,
        20000
    ]
}