{
    "fid_infinity": 159.7575680057074,
    "kid_infinity": 0.17037976142755487,
    "fid_values": [
        170.1266444486205,
        168.6516467664041,
        166.79043738961366,
        166.3499133913148,
        165.62432445896994,
        164.29512048334658,
        164.87271085827356,
        163.86875195547697,
        163.63199776975725,
        163.65961103446787,
        163.36232893102056
    ],
    "kid_values": [
        0.17160760164260863,
        0.17128030061721802,
        0.16979204177856444,
        0.17108643293380738,
        0.17106036901473998,
        0.17008506536483764,
        0.17142017126083375,
        0.17080848455429076,
        0.17049368381500243,
        0.17069027662277222,
        0.17091915130615234
    ],
    "batch_sizes": [
        1000,
        1200,
        1400,
        1600,
        1800,
        2000,
        2200,
        2400,
        2600,
        2800,
        3000
    ]
}