{
    "fid_infinity": 50.84934590014965,
    "fid_std_error": 0.2016105252153643,
    "fid_r2": 0.9652622637406679,
    "kid_infinity": 0.03330646608598391,
    "kid_std_error": 0.0001056051530459897,
    "kid_r2": 0.34134181564057564,
    "fid_values": [
        58.71149278951361,
        53.73457498074896,
        53.990244331877875,
        52.80380872894597,
        52.595973643154764,
        51.998304700420476,
        52.20396714314745,
        51.78601465727371,
        51.591135321192326,
        51.44255940712685
    ],
    "kid_values": [
        0.03271730422973633,
        0.03289151906967163,
        0.033330230712890624,
        0.03367011308670044,
        0.03296490669250488,
        0.03321218967437744,
        0.03321059703826904,
        0.033112757205963135,
        0.03321704149246216,
        0.0331381630897522
    ],
    "batch_sizes": [
        2000,
        4000,
        6000,
        8000,
        10000,
        12000,
        14000,
        16000,
        18000,
        20000
    ]
}