{
    "fid_infinity": 50.71631686661924,
    "fid_std_error": 0.2983496024187232,
    "fid_r2": 0.9236859198115357,
    "kid_infinity": 0.051714007770227534,
    "kid_std_error": 0.0005455379738610225,
    "kid_r2": 0.04287573061671446,
    "fid_values": [
        58.742760054894745,
        52.84695603090171,
        53.580218585394505,
        52.659940570381025,
        52.43755507928296,
        51.81321299303562,
        51.99480841387026,
        51.8091868446686,
        51.61529173600354,
        51.506205841599865
    ],
    "kid_values": [
        0.05180631160736084,
        0.04840923547744751,
        0.052340357303619384,
        0.05193761587142944,
        0.051995368003845216,
        0.05143656253814697,
        0.05174631595611572,
        0.05200721979141235,
        0.05154448747634888,
        0.0514867901802063
    ],
    "batch_sizes": [
        2000,
        4000,
        6000,
        8000,
        10000,
        12000,
        14000,
        16000,
        18000,
        20000
    ]
}