{
    "fid_infinity": 66.03157962842387,
    "fid_std_error": 0.12819829923958817,
    "fid_r2": 0.9916917607380988,
    "kid_infinity": 0.0478142102510277,
    "kid_std_error": 0.00012947012763029006,
    "kid_r2": 0.1255398129180818,
    "fid_values": [
        75.87912799984679,
        71.24492377553594,
        69.91937894451507,
        68.52069526464891,
        68.24126870523844,
        67.64522216739198,
        67.33417625543785,
        66.91282911473667,
        67.18790069420436,
        66.90450346782347
    ],
    "kid_values": [
        0.04792853355407715,
        0.0484077787399292,
        0.04816849708557129,
        0.047685143947601316,
        0.04816924333572388,
        0.04798017978668213,
        0.04766202449798584,
        0.047740256786346434,
        0.04791919469833374,
        0.047513575553894044
    ],
    "batch_sizes": [
        2000,
        4000,
        6000,
        8000,
        10000,
        12000,
        14000,
        16000,
        18000,
        20000
    ]
}