{
    "fid_infinity": 125.63428496454469,
    "fid_std_error": 0.5168013734083498,
    "fid_r2": 0.8208059866777941,
    "kid_infinity": 0.07967040187570679,
    "kid_std_error": 0.0006785176077991934,
    "kid_r2": 0.1696158887684308,
    "fid_values": [
        132.65309823418613,
        131.88665642067753,
        127.76575046429349,
        127.5584101399574,
        128.38146593446982,
        126.26787331923617,
        127.04080193287155,
        125.54413510327134,
        126.47252215220396,
        126.04814512321195
    ],
    "kid_values": [
        0.07635809659957886,
        0.08139490842819214,
        0.07808757305145264,
        0.07876544475555419,
        0.08028650283813477,
        0.07950032472610474,
        0.08056255102157593,
        0.077770516872406,
        0.07842069864273071,
        0.0791041111946106
    ],
    "batch_sizes": [
        2000,
        4000,
        6000,
        8000,
        10000,
        12000,
        14000,
        16000,
        18000,
        20000
    ]
}