{
    "fid_infinity": 268.812334943243,
    "fid_std_error": 0.8837372550972519,
    "fid_r2": 0.7829793898165238,
    "kid_infinity": 0.25696355614916816,
    "kid_std_error": 0.0011990168302685434,
    "kid_r2": 0.14052011854431457,
    "fid_values": [
        282.2353833361677,
        270.65005012585107,
        273.0712013907117,
        273.44171454612876,
        271.41899533962635,
        273.0150459257578,
        270.4013605003455,
        270.0786575165052,
        270.0463738484068,
        269.08891776657606
    ],
    "kid_values": [
        0.2550619149208069,
        0.25014585733413697,
        0.25595544815063476,
        0.25795296192169187,
        0.2573162317276001,
        0.25992082834243774,
        0.2551490044593811,
        0.25738131284713744,
        0.25536528825759885,
        0.2551842975616455
    ],
    "batch_sizes": [
        2000,
        4000,
        6000,
        8000,
        10000,
        12000,
        14000,
        16000,
        18000,
        20000
    ]
}