{
    "fid_infinity": 20.004047370250195,
    "fid_std_error": 0.06226635559207341,
    "fid_r2": 0.9971375931945009,
    "kid_infinity": 0.013301456726471126,
    "kid_std_error": 9.54260822172817e-05,
    "kid_r2": 0.5395479585965062,
    "fid_values": [
        28.460364418241056,
        24.07555667501572,
        22.68692138509897,
        21.812255688024493,
        21.684604943082547,
        21.469356471247693,
        21.241989056431407,
        21.13539161306778,
        20.997430009009236,
        20.932954830777476
    ],
    "kid_values": [
        0.014152653217315674,
        0.01355130910873413,
        0.01342707872390747,
        0.013152337074279786,
        0.013561203479766845,
        0.013641695976257324,
        0.013376047611236572,
        0.013460910320281983,
        0.013661997318267822,
        0.013203117847442627
    ],
    "batch_sizes": [
        2000,
        4000,
        6000,
        8000,
        10000,
        12000,
        14000,
        16000,
        18000,
        20000
    ]
}