{
    "fid_infinity": 131.25066452271992,
    "fid_std_error": 0.16955770321987565,
    "fid_r2": 0.9682166431798993,
    "kid_infinity": 0.13959048466576354,
    "kid_std_error": 0.0002360216446458299,
    "kid_r2": 0.6963844114517891,
    "fid_values": [
        138.29664875332642,
        134.15924593585498,
        132.86298386344095,
        133.26125845079986,
        132.50176718473253,
        132.19683496203243,
        132.20311447986842,
        132.3939074670692,
        132.2191087713885,
        132.10560905637018
    ],
    "kid_values": [
        0.14262734174728395,
        0.13996241569519044,
        0.13994479656219483,
        0.140748074054718,
        0.13998495578765868,
        0.13980642318725586,
        0.13980933427810668,
        0.140362446308136,
        0.14022934913635254,
        0.1399518370628357
    ],
    "batch_sizes": [
        2000,
        4000,
        6000,
        8000,
        10000,
        12000,
        14000,
        16000,
        18000,
        20000
    ]
}