{
    "fid_infinity": 131.43916483579912,
    "fid_std_error": 0.08890156123166562,
    "fid_r2": 0.9877379126030451,
    "kid_infinity": 0.13989383957189347,
    "kid_std_error": 0.0001429308473168419,
    "kid_r2": 0.6245460761870183,
    "fid_values": [
        137.28932342046258,
        133.97133533148698,
        133.34618703544123,
        133.1787828293369,
        132.37581438554287,
        132.48551141627325,
        132.219602877639,
        132.1359656522281,
        132.07440269563722,
        132.10563903141474
    ],
    "kid_values": [
        0.14111614227294922,
        0.1408132529258728,
        0.1400681447982788,
        0.14079852819442748,
        0.1398037266731262,
        0.14032743453979493,
        0.1398814535140991,
        0.1399039387702942,
        0.13997094392776488,
        0.14013415575027466
    ],
    "batch_sizes": [
        2000,
        4000,
        6000,
        8000,
        10000,
        12000,
        14000,
        16000,
        18000,
        20000
    ]
}