{
    "fid_infinity": 139.61066353970682,
    "fid_std_error": 0.08936984420043721,
    "fid_r2": 0.9852246625329685,
    "kid_infinity": 0.14627510947720032,
    "kid_std_error": 0.00010467271382952586,
    "kid_r2": 0.3731326702327503,
    "fid_values": [
        145.03007981186278,
        141.91777781526477,
        141.0590939319363,
        141.12653286082295,
        140.6999137297748,
        140.46868021189522,
        140.3507353491804,
        140.40091999223947,
        140.22596042886914,
        140.18429136112547
    ],
    "kid_values": [
        0.14697242736816407,
        0.14634809017181397,
        0.14616335153579713,
        0.1467223024368286,
        0.1465092658996582,
        0.14637502431869506,
        0.14622573375701906,
        0.14648962736129761,
        0.1461087417602539,
        0.1465359616279602
    ],
    "batch_sizes": [
        2000,
        4000,
        6000,
        8000,
        10000,
        12000,
        14000,
        16000,
        18000,
        20000
    ]
}