{
    "fid_infinity": 131.64756736253597,
    "fid_std_error": 0.14330821729922244,
    "fid_r2": 0.9535044747093345,
    "kid_infinity": 0.14029433800486976,
    "kid_std_error": 0.00022171090426355004,
    "kid_r2": 0.2810572224151435,
    "fid_values": [
        136.093402201235,
        134.71104880497057,
        132.88840530433106,
        132.80151304450442,
        132.36654114222634,
        132.36763463792295,
        132.33665748459302,
        132.27862001974813,
        132.1832020663614,
        132.10558362789695
    ],
    "kid_values": [
        0.13900260210037232,
        0.14069561958312987,
        0.13939497232437134,
        0.1404956579208374,
        0.13967479705810548,
        0.14037930011749267,
        0.1402268862724304,
        0.14002164363861083,
        0.13992428541183471,
        0.14021043300628663
    ],
    "batch_sizes": [
        2000,
        4000,
        6000,
        8000,
        10000,
        12000,
        14000,
        16000,
        18000,
        20000
    ]
}