{
    "fid_infinity": 113.3290863982313,
    "fid_std_error": 0.11306577804187228,
    "fid_r2": 0.9743789125607356,
    "kid_infinity": 0.11517834524212778,
    "kid_std_error": 0.0001260396719966024,
    "kid_r2": 0.5912988873888757,
    "fid_values": [
        118.25804620229462,
        116.29766360206833,
        114.70706304518268,
        114.34210257293563,
        114.11817011407251,
        114.2527970364959,
        114.12822066791861,
        114.0957369153374,
        113.83430909809894,
        113.92988203538056
    ],
    "kid_values": [
        0.11392746925354004,
        0.11504369020462037,
        0.11504051208496094,
        0.11468845129013061,
        0.1145156478881836,
        0.11491251707077027,
        0.11527241945266724,
        0.11510702610015869,
        0.11499987363815307,
        0.11508552551269531
    ],
    "batch_sizes": [
        2000,
        4000,
        6000,
        8000,
        10000,
        12000,
        14000,
        16000,
        18000,
        20000
    ]
}