{
    "fid_infinity": 136.57468415314696,
    "fid_std_error": 0.11172539566052521,
    "fid_r2": 0.9692416406265645,
    "kid_infinity": 0.14609582183593722,
    "kid_std_error": 0.00012008599826558596,
    "kid_r2": 0.09347774382630991,
    "fid_values": [
        141.28366386452768,
        138.40039291622756,
        137.7757420634785,
        138.0055279360331,
        137.56727778270826,
        137.3857435520658,
        137.26212715481674,
        137.01825862946225,
        137.15336305319028,
        137.09288367303006
    ],
    "kid_values": [
        0.1459726595878601,
        0.1454430627822876,
        0.14610784530639648,
        0.14623563766479492,
        0.14622995376586914,
        0.1460898756980896,
        0.14593226909637452,
        0.1457791042327881,
        0.14626300811767579,
        0.14609331130981446
    ],
    "batch_sizes": [
        2000,
        4000,
        6000,
        8000,
        10000,
        12000,
        14000,
        16000,
        18000,
        20000
    ]
}