{
    "fid_infinity": 137.66707930533966,
    "fid_std_error": 0.09209314948151325,
    "fid_r2": 0.9800741598847306,
    "kid_infinity": 0.1465398562995681,
    "kid_std_error": 0.0001448028007786695,
    "kid_r2": 0.13250937761967474,
    "fid_values": [
        142.2991533204222,
        140.2317838255265,
        138.89473805166904,
        138.723222124262,
        138.4652537016795,
        138.67358256109904,
        138.1580255127182,
        138.39348695078303,
        138.270573863906,
        138.1527058608029
    ],
    "kid_values": [
        0.14605391502380372,
        0.14675233125686646,
        0.14605274200439453,
        0.14635788917541503,
        0.14630646228790284,
        0.14689737558364868,
        0.14603533029556273,
        0.1466663074493408,
        0.14655967712402343,
        0.1465255808830261
    ],
    "batch_sizes": [
        2000,
        4000,
        6000,
        8000,
        10000,
        12000,
        14000,
        16000,
        18000,
        20000
    ]
}