{
    "fid_infinity": 146.32456100212934,
    "fid_std_error": 0.12148661855247932,
    "fid_r2": 0.9906799897866361,
    "kid_infinity": 0.14988421033237972,
    "kid_std_error": 0.00028536700189741486,
    "kid_r2": 0.6631014290940849,
    "fid_values": [
        155.35793256576113,
        150.72317728264403,
        149.62769316064254,
        148.03857057638754,
        148.05732073281388,
        148.1638392967048,
        147.6317318839353,
        147.55449837131158,
        147.2891446322668,
        147.15975267726287
    ],
    "kid_values": [
        0.1467181158065796,
        0.1492749285697937,
        0.14908040523529054,
        0.14820998907089233,
        0.14902300119400025,
        0.15021862745285033,
        0.14964035511016846,
        0.14986626386642457,
        0.14910062313079833,
        0.14928478240966797
    ],
    "batch_sizes": [
        2000,
        4000,
        6000,
        8000,
        10000,
        12000,
        14000,
        16000,
        18000,
        20000
    ]
}