{
    "fid_infinity": 186.18561981814503,
    "kid_infinity": 0.1909671035302096,
    "fid_values": [
        207.5733455487868,
        202.07409209466758,
        200.40799367173614,
        199.45453326422694,
        197.56838316975012,
        196.37788475402377,
        195.44256512692755,
        194.22640432424004,
        194.36220547844823,
        193.5627236130129,
        193.31480932168267
    ],
    "kid_values": [
        0.19392415285110473,
        0.18815700054168702,
        0.18946052789688111,
        0.19293779850006104,
        0.19199554920196532,
        0.1921304488182068,
        0.1906707763671875,
        0.19045743703842163,
        0.19179985761642457,
        0.19101930379867554,
        0.19125166893005371
    ],
    "batch_sizes": [
        1000,
        1200,
        1400,
        1600,
        1800,
        2000,
        2200,
        2400,
        2600,
        2800,
        3000
    ]
}