{
    "fid_infinity": 143.67963197941535,
    "fid_std_error": 0.18494560787711076,
    "fid_r2": 0.9846059720226471,
    "kid_infinity": 0.1398408147682643,
    "kid_std_error": 0.00021774433917811763,
    "kid_r2": 0.042269829401252235,
    "fid_values": [
        154.47134461461013,
        149.06430301550125,
        146.30535933361801,
        146.7161824546406,
        145.64393925409382,
        145.2317310996068,
        145.26667816350874,
        145.23013948386523,
        145.0769660810128,
        144.9158308935613
    ],
    "kid_values": [
        0.14018767356872558,
        0.14052582979202272,
        0.1388763952255249,
        0.14014784574508668,
        0.13968990564346315,
        0.13991250991821289,
        0.13998231172561645,
        0.14026238441467284,
        0.13980425596237184,
        0.13998168230056762
    ],
    "batch_sizes": [
        2000,
        4000,
        6000,
        8000,
        10000,
        12000,
        14000,
        16000,
        18000,
        20000
    ]
}