{
    "fid_infinity": 155.36531247750742,
    "fid_std_error": 0.10273920659834344,
    "fid_r2": 0.994090634342228,
    "kid_infinity": 0.14661512217343933,
    "kid_std_error": 0.00020681729272625362,
    "kid_r2": 0.06877672649620148,
    "fid_values": [
        165.0321361037706,
        159.85526755795632,
        158.62047994286934,
        157.6036209821761,
        157.5705922752465,
        157.32041868348006,
        156.5923524677188,
        156.46895656160683,
        156.33228980279762,
        156.29876069796637
    ],
    "kid_values": [
        0.1463280177116394,
        0.14571020841598512,
        0.14689421892166138,
        0.1467399001121521,
        0.14681776523590087,
        0.14675674200057984,
        0.14683709859848024,
        0.1465669369697571,
        0.14580071687698365,
        0.1465168285369873
    ],
    "batch_sizes": [
        2000,
        4000,
        6000,
        8000,
        10000,
        12000,
        14000,
        16000,
        18000,
        20000
    ]
}