{
    "fid_infinity": 163.01741745922877,
    "fid_std_error": 0.12817029057048898,
    "fid_r2": 0.9902558279559992,
    "kid_infinity": 0.14417552479058734,
    "kid_std_error": 0.00016837877687503976,
    "kid_r2": 0.0010023571014949884,
    "fid_values": [
        172.55189623083572,
        167.1439309894713,
        166.1753230422042,
        164.97228636799036,
        165.00398478891432,
        164.45680275834428,
        164.52403159472644,
        164.3975216101873,
        164.1383224001453,
        164.00043444493963
    ],
    "kid_values": [
        0.14399940013885498,
        0.14472562313079834,
        0.14402873039245606,
        0.143900625705719,
        0.1439270043373108,
        0.14375006437301635,
        0.1446996283531189,
        0.1440257954597473,
        0.14420197486877442,
        0.14438416242599486
    ],
    "batch_sizes": [
        2000,
        4000,
        6000,
        8000,
        10000,
        12000,
        14000,
        16000,
        18000,
        20000
    ]
}