{
    "fid_infinity": 129.3941844439838,
    "fid_std_error": 0.14543112722131912,
    "fid_r2": 0.9902819699675296,
    "kid_infinity": 0.1213293927929311,
    "kid_std_error": 0.0001361513617718294,
    "kid_r2": 0.3586454217359878,
    "fid_values": [
        140.26325517730527,
        134.06453400902063,
        132.5766932828987,
        132.18818024862418,
        131.3148043370668,
        131.39643080322145,
        131.0724516144685,
        130.71781842119321,
        130.7078551050448,
        130.53381409425282
    ],
    "kid_values": [
        0.12055765390396118,
        0.12091570854187011,
        0.12103188276290894,
        0.12151623725891113,
        0.12129353284835816,
        0.1212428069114685,
        0.121358482837677,
        0.12127451419830322,
        0.12056506633758544,
        0.12139548778533936
    ],
    "batch_sizes": [
        2000,
        4000,
        6000,
        8000,
        10000,
        12000,
        14000,
        16000,
        18000,
        20000
    ]
}