{
    "fid_infinity": 149.81498249263828,
    "fid_std_error": 0.09108169853766239,
    "fid_r2": 0.995887653004806,
    "kid_infinity": 0.14547006941554694,
    "kid_std_error": 0.0003578187061156048,
    "kid_r2": 0.10264908126565953,
    "fid_values": [
        159.86610247199093,
        155.11613481539888,
        153.13591426304362,
        152.67845085108337,
        152.09339118878847,
        151.32936726644476,
        151.19826381604327,
        150.9802272694165,
        150.84414134153536,
        150.7353945051201
    ],
    "kid_values": [
        0.14388843297958373,
        0.1466299343109131,
        0.1448093342781067,
        0.1457197904586792,
        0.1457929253578186,
        0.14552892208099366,
        0.14471243619918822,
        0.1449393582344055,
        0.14483249187469482,
        0.14530032157897949
    ],
    "batch_sizes": [
        2000,
        4000,
        6000,
        8000,
        10000,
        12000,
        14000,
        16000,
        18000,
        20000
    ]
}