{
    "fid_infinity": 137.3876154875319,
    "fid_std_error": 0.20484826220047792,
    "fid_r2": 0.9798994525988936,
    "kid_infinity": 0.13382079662158225,
    "kid_std_error": 0.00027423087965372544,
    "kid_r2": 0.12700510328728365,
    "fid_values": [
        148.05374655797755,
        142.0892834124652,
        139.89592877589075,
        139.78035050649163,
        139.79678292268233,
        139.41135295187718,
        138.9477969790339,
        138.75121117679794,
        138.70598175721824,
        138.54226126450652
    ],
    "kid_values": [
        0.13345287799835204,
        0.13300186157226562,
        0.13237980842590333,
        0.13366757154464723,
        0.1343143677711487,
        0.13403517484664917,
        0.13419312477111817,
        0.13378227710723878,
        0.13334608793258668,
        0.13383367538452148
    ],
    "batch_sizes": [
        2000,
        4000,
        6000,
        8000,
        10000,
        12000,
        14000,
        16000,
        18000,
        20000
    ]
}