{
    "fid_infinity": 83.46738115406482,
    "fid_std_error": 0.12400613605303017,
    "fid_r2": 0.9790789444587676,
    "kid_infinity": 0.07959195022314736,
    "kid_std_error": 0.00010913112861890305,
    "kid_r2": 0.5984841003254009,
    "fid_values": [
        89.52383591396548,
        86.85934906979054,
        84.9038605178745,
        85.1438445408096,
        84.68057908379518,
        84.67174923051414,
        84.41431198758241,
        84.13226019763698,
        84.14565876221968,
        84.05035021625511
    ],
    "kid_values": [
        0.0806485390663147,
        0.08005836486816406,
        0.07938289880752564,
        0.08000237226486206,
        0.07976847887039185,
        0.08002939462661743,
        0.07967179298400878,
        0.0796051263809204,
        0.07980071067810059,
        0.07975564241409301
    ],
    "batch_sizes": [
        2000,
        4000,
        6000,
        8000,
        10000,
        12000,
        14000,
        16000,
        18000,
        20000
    ]
}