{
    "fid_infinity": 90.02886263589372,
    "fid_std_error": 0.17621116786678173,
    "fid_r2": 0.9376155782383199,
    "kid_infinity": 0.08454733681435496,
    "kid_std_error": 0.000252803075124119,
    "kid_r2": 0.3384090210578783,
    "fid_values": [
        94.61989843652736,
        92.83463800205044,
        92.47115197663274,
        91.24955179170684,
        90.9383231481822,
        90.40704305581394,
        90.68302877291762,
        90.4962457770715,
        90.55467291827887,
        90.40994162063078
    ],
    "kid_values": [
        0.08273702144622802,
        0.08457632780075074,
        0.08505285501480103,
        0.08437453269958496,
        0.08431946992874145,
        0.08362500667572022,
        0.08429034471511841,
        0.08412419319152832,
        0.08443976879119873,
        0.08412902116775513
    ],
    "batch_sizes": [
        2000,
        4000,
        6000,
        8000,
        10000,
        12000,
        14000,
        16000,
        18000,
        20000
    ]
}