{
    "fid_infinity": 86.00315144178923,
    "fid_std_error": 0.11379969823982897,
    "fid_r2": 0.9782844022716445,
    "kid_infinity": 0.07757535195637928,
    "kid_std_error": 0.0001659661423177936,
    "kid_r2": 0.15675404732187237,
    "fid_values": [
        91.56237995020325,
        88.96618342496413,
        87.28742029006293,
        87.19159995908299,
        87.04702517090902,
        86.95866562635658,
        86.81811984804139,
        86.75033351548421,
        86.84299048682809,
        86.68043225733578
    ],
    "kid_values": [
        0.0771591854095459,
        0.07754634618759156,
        0.07653702735900879,
        0.07762401580810546,
        0.07724189519882202,
        0.07762200117111206,
        0.07763553142547608,
        0.07761755704879761,
        0.07771475791931153,
        0.07754936456680298
    ],
    "batch_sizes": [
        2000,
        4000,
        6000,
        8000,
        10000,
        12000,
        14000,
        16000,
        18000,
        20000
    ]
}