{
    "fid_infinity": 85.57421760481893,
    "fid_std_error": 0.14721962125487775,
    "fid_r2": 0.9698001406304085,
    "kid_infinity": 0.08651017608004302,
    "kid_std_error": 0.0002722516173265238,
    "kid_r2": 0.0002114100907376626,
    "fid_values": [
        91.58809998005043,
        88.2452563839949,
        88.26104224727797,
        86.71422528974492,
        86.85881815680352,
        86.50238055611825,
        86.57347800127317,
        86.14568467680428,
        86.23894820636451,
        86.17045017396231
    ],
    "kid_values": [
        0.08656734228134155,
        0.08607307195663452,
        0.08780314683914185,
        0.08568149328231811,
        0.08626949787139893,
        0.08647655248641968,
        0.08666716575622559,
        0.08657749176025391,
        0.08647868871688842,
        0.08659062147140503
    ],
    "batch_sizes": [
        2000,
        4000,
        6000,
        8000,
        10000,
        12000,
        14000,
        16000,
        18000,
        20000
    ]
}