{
    "fid_infinity": 105.9396630748624,
    "fid_std_error": 0.04475115151513157,
    "fid_r2": 0.9966877833564065,
    "kid_infinity": 0.10489370777301461,
    "kid_std_error": 8.575824009935696e-05,
    "kid_r2": 0.02788750028524134,
    "fid_values": [
        111.60820213143629,
        108.62222885201163,
        107.67244824019755,
        107.2318452473902,
        107.05048718137252,
        106.84994372066024,
        106.8280848004922,
        106.71676322641699,
        106.66105891861659,
        106.4917580545551
    ],
    "kid_values": [
        0.10493172168731689,
        0.10457993984222412,
        0.10476251125335694,
        0.10485201358795165,
        0.10504327297210693,
        0.10457504272460938,
        0.10488019466400146,
        0.1049870228767395,
        0.10503125667572022,
        0.10498843431472778
    ],
    "batch_sizes": [
        2000,
        4000,
        6000,
        8000,
        10000,
        12000,
        14000,
        16000,
        18000,
        20000
    ]
}