{
    "fid_infinity": 292.9269554780432,
    "fid_std_error": 0.1394883730555708,
    "fid_r2": 0.9263859667134212,
    "kid_infinity": 0.2996658611714456,
    "kid_std_error": 0.00034609728407293685,
    "kid_r2": 0.2923394646634392,
    "fid_values": [
        296.39185203700754,
        294.63455209101403,
        294.77349001763696,
        293.53605894404194,
        293.4430432301431,
        293.7721842873795,
        293.4624961996646,
        293.3046786003255,
        293.3247437629315,
        293.0395555632234
    ],
    "kid_values": [
        0.29780450105667117,
        0.29890663146972657,
        0.3001741480827331,
        0.2989647364616394,
        0.29897643327713014,
        0.3004426336288452,
        0.299977662563324,
        0.2985092854499817,
        0.2987133526802063,
        0.29950804233551026
    ],
    "batch_sizes": [
        2000,
        4000,
        6000,
        8000,
        10000,
        12000,
        14000,
        16000,
        18000,
        20000
    ]
}