{
    "fid_infinity": 144.24045992143508,
    "fid_std_error": 0.14668635787356077,
    "fid_r2": 0.8785546409564777,
    "kid_infinity": 0.14318675134005796,
    "kid_std_error": 0.0002537716763635108,
    "kid_r2": 0.6210956437444151,
    "fid_values": [
        147.0891285399146,
        145.32837484455803,
        145.2794616181778,
        145.5935866258705,
        145.10283870506814,
        144.40136986372892,
        144.5576322618178,
        144.42751513367386,
        144.52398638771575,
        144.40322663217626
    ],
    "kid_values": [
        0.14083216667175294,
        0.14137364387512208,
        0.14318310022354125,
        0.14322760343551635,
        0.1429638123512268,
        0.14244283199310304,
        0.14302454471588136,
        0.1425454521179199,
        0.14318378925323486,
        0.14225327968597412
    ],
    "batch_sizes": [
        2000,
        4000,
        6000,
        8000,
        10000,
        12000,
        14000,
        16000,
        18000,
        20000
    ]
}