{
    "fid_infinity": 124.93589717547842,
    "fid_std_error": 0.14658519843528994,
    "fid_r2": 0.9384584591648967,
    "kid_infinity": 0.1215796350109205,
    "kid_std_error": 0.00021183432564677676,
    "kid_r2": 0.6211398597607508,
    "fid_values": [
        129.11234533420705,
        126.58910220631824,
        126.59616736961615,
        126.14828181541174,
        125.5233398229573,
        126.22185571983277,
        125.43822425563002,
        125.3548102281033,
        125.23246394861857,
        125.18829660632358
    ],
    "kid_values": [
        0.11978147983551025,
        0.11981780529022217,
        0.1213957405090332,
        0.12164929389953613,
        0.120800940990448,
        0.12163421630859375,
        0.12131330966949463,
        0.1213790488243103,
        0.12129372835159302,
        0.12102286577224732
    ],
    "batch_sizes": [
        2000,
        4000,
        6000,
        8000,
        10000,
        12000,
        14000,
        16000,
        18000,
        20000
    ]
}