{
    "fid_infinity": 92.31059433302275,
    "fid_std_error": 0.4239942220752465,
    "fid_r2": 0.6386098761018242,
    "kid_infinity": 0.0838415918811003,
    "kid_std_error": 0.0005724313914407229,
    "kid_r2": 0.09842554011724414,
    "fid_values": [
        95.35773476306807,
        96.17021968069184,
        94.17900274974244,
        94.13087507504864,
        92.96272810076746,
        92.80950189682682,
        92.04981472886038,
        92.61335410160271,
        92.27012287574829,
        92.42344348731166
    ],
    "kid_values": [
        0.08108186960220337,
        0.08566258668899536,
        0.08435109615325928,
        0.08442995548248292,
        0.083288152217865,
        0.08327169179916381,
        0.08282913684844971,
        0.08315712213516235,
        0.08330955505371093,
        0.0830545711517334
    ],
    "batch_sizes": [
        2000,
        4000,
        6000,
        8000,
        10000,
        12000,
        14000,
        16000,
        18000,
        20000
    ]
}