{
    "fid_infinity": 193.83528614717613,
    "kid_infinity": 0.2001243453951979,
    "fid_values": [
        200.52969806401222,
        199.5620098480043,
        199.30777382855462,
        198.56707102590832,
        197.17728557413596,
        197.75011468106575,
        197.8823560394928,
        196.15574212738892,
        196.56323291555242,
        196.0304168575649,
        195.96467516233332
    ],
    "kid_values": [
        0.19916194915771485,
        0.1986062479019165,
        0.20025073766708373,
        0.20064051628112792,
        0.19861772060394287,
        0.20062709331512452,
        0.20073449850082398,
        0.19882483005523682,
        0.199246084690094,
        0.20026141166687011,
        0.1993277883529663
    ],
    "batch_sizes": [
        1000,
        1200,
        1400,
        1600,
        1800,
        2000,
        2200,
        2400,
        2600,
        2800,
        3000
    ]
}