{
    "fid_infinity": 115.56415008525904,
    "fid_std_error": 0.2012769092770938,
    "fid_r2": 0.911959375369442,
    "kid_infinity": 0.10868188520328398,
    "kid_std_error": 0.00027579413657970896,
    "kid_r2": 0.26090329982534777,
    "fid_values": [
        120.60856589619311,
        116.929521006758,
        117.10268561450553,
        116.8889468879321,
        116.22525480395444,
        116.78370317166531,
        116.40463007965849,
        116.29515186726354,
        115.94904742159605,
        116.08621123105544
    ],
    "kid_values": [
        0.10785242795944214,
        0.10690857887268067,
        0.10859941005706787,
        0.10900510787963867,
        0.10806949138641357,
        0.10877466917037965,
        0.10891621589660644,
        0.10829346656799316,
        0.10882647752761841,
        0.10812474250793457
    ],
    "batch_sizes": [
        2000,
        4000,
        6000,
        8000,
        10000,
        12000,
        14000,
        16000,
        18000,
        20000
    ]
}