{
    "fid_infinity": 119.3866919754083,
    "fid_std_error": 0.36921490714306426,
    "fid_r2": 0.6716184794226088,
    "kid_infinity": 0.11401546735117711,
    "kid_std_error": 0.00046065296527654997,
    "kid_r2": 0.278005264384633,
    "fid_values": [
        122.77599860850387,
        122.82637541423523,
        119.43613123926923,
        120.3375790434979,
        120.72591039129594,
        119.47130371944385,
        119.94264134058241,
        120.24424809272543,
        119.6516358182603,
        119.56672021979662
    ],
    "kid_values": [
        0.11148314714431763,
        0.11488367557525635,
        0.11199294805526733,
        0.11329179286956786,
        0.1138890814781189,
        0.11287356138229371,
        0.11436426877975464,
        0.11416757583618165,
        0.1141061806678772,
        0.1130871081352234
    ],
    "batch_sizes": [
        2000,
        4000,
        6000,
        8000,
        10000,
        12000,
        14000,
        16000,
        18000,
        20000
    ]
}