{
    "fid_infinity": 188.24783717959883,
    "kid_infinity": 0.19415681684108504,
    "fid_values": [
        198.86190211296045,
        195.169277748662,
        194.21872931670674,
        193.96347010057667,
        193.1595873201419,
        192.90524219578276,
        193.19128871869736,
        191.66301086127692,
        192.05389428276854,
        191.79715337082942,
        191.78778821879393
    ],
    "kid_values": [
        0.19730099201202392,
        0.19417156457901,
        0.19444445848464967,
        0.19507224798202516,
        0.1947163724899292,
        0.19510470390319823,
        0.19548200368881224,
        0.19403352737426757,
        0.19476592540740967,
        0.19538627862930297,
        0.1951033616065979
    ],
    "batch_sizes": [
        1000,
        1200,
        1400,
        1600,
        1800,
        2000,
        2200,
        2400,
        2600,
        2800,
        3000
    ]
}