{
    "fid_infinity": 148.84242752917308,
    "fid_std_error": 0.09263164456084254,
    "fid_r2": 0.9713194925134588,
    "kid_infinity": 0.13628440683034346,
    "kid_std_error": 0.0001642245003220225,
    "kid_r2": 0.09094560099605675,
    "fid_values": [
        152.6411308358922,
        150.72266853824405,
        150.45490828866588,
        149.94643941733355,
        149.8045343372712,
        149.16699333751325,
        149.4309428895333,
        149.13870996801467,
        149.26833794471236,
        149.19379634218987
    ],
    "kid_values": [
        0.1358223056793213,
        0.13604278326034547,
        0.13671223163604737,
        0.136193585395813,
        0.13617743968963622,
        0.1358225417137146,
        0.1364644718170166,
        0.13575710773468017,
        0.13666443824768065,
        0.13609406232833862
    ],
    "batch_sizes": [
        2000,
        4000,
        6000,
        8000,
        10000,
        12000,
        14000,
        16000,
        18000,
        20000
    ]
}