{
    "fid_infinity": 212.98124909042278,
    "kid_infinity": 0.20408950391786654,
    "fid_values": [
        218.48089629330244,
        218.86403174402315,
        217.53543699955824,
        217.60509527603546,
        216.26554672226658,
        215.6406510879483,
        215.1130040725791,
        214.8025042997569,
        215.75246686388866,
        215.45672040707774,
        215.3195976143948
    ],
    "kid_values": [
        0.20315696477890013,
        0.20586841583251952,
        0.20477664470672607,
        0.20506298303604126,
        0.2045003890991211,
        0.20371026039123535,
        0.2031616234779358,
        0.2033153772354126,
        0.204259672164917,
        0.20496053218841553,
        0.20451246976852416
    ],
    "batch_sizes": [
        1000,
        1200,
        1400,
        1600,
        1800,
        2000,
        2200,
        2400,
        2600,
        2800,
        3000
    ]
}