{
    "fid_infinity": 124.65792321791419,
    "fid_std_error": 0.12940569200527313,
    "fid_r2": 0.9549424537884583,
    "kid_infinity": 0.11389386688184608,
    "kid_std_error": 0.0001625974274647097,
    "kid_r2": 0.4801782992237199,
    "fid_values": [
        129.08436656388986,
        126.30584192189073,
        126.48432923365641,
        125.4304447187344,
        125.47639257904825,
        125.54620791196191,
        125.47507631791703,
        125.23185756635525,
        125.04401368082043,
        125.0374400594306
    ],
    "kid_values": [
        0.11292636871337891,
        0.11287858724594116,
        0.11380677938461303,
        0.11323229789733887,
        0.11378125429153442,
        0.11372025728225708,
        0.11422201871871948,
        0.11357707738876342,
        0.11406507730484008,
        0.11344032764434814
    ],
    "batch_sizes": [
        2000,
        4000,
        6000,
        8000,
        10000,
        12000,
        14000,
        16000,
        18000,
        20000
    ]
}