{
    "fid_infinity": 213.25629891261696,
    "kid_infinity": 0.20470318289373982,
    "fid_values": [
        219.34915992137422,
        217.16119796448527,
        217.3708432302641,
        217.48932608306924,
        215.57233793421008,
        215.9386076014798,
        215.62463679671973,
        215.6963071548018,
        216.02346076506112,
        215.24982939671918,
        215.01197803815663
    ],
    "kid_values": [
        0.20438990116119385,
        0.20342098474502562,
        0.20410951137542724,
        0.20583028078079224,
        0.20357707738876343,
        0.20403361797332764,
        0.20389673233032227,
        0.20387659311294556,
        0.2050880455970764,
        0.20531986713409422,
        0.2040770149230957
    ],
    "batch_sizes": [
        1000,
        1200,
        1400,
        1600,
        1800,
        2000,
        2200,
        2400,
        2600,
        2800,
        3000
    ]
}