{
    "fid_infinity": 173.14376487656392,
    "fid_std_error": 0.46022201388154055,
    "fid_r2": 0.848635841232313,
    "kid_infinity": 0.18115289658389705,
    "kid_std_error": 0.0007087964704931448,
    "kid_r2": 0.36607501039500945,
    "fid_values": [
        182.04921941402347,
        174.8019250956582,
        175.2319083333373,
        175.09439898013943,
        175.0498208654777,
        174.27979456140957,
        174.97253619480023,
        174.06629406857456,
        174.47195341547172,
        174.3518488240369
    ],
    "kid_values": [
        0.1865785551071167,
        0.17962076663970947,
        0.1820336651802063,
        0.18242978572845459,
        0.18134357452392577,
        0.18220378637313842,
        0.18321818590164185,
        0.1814613699913025,
        0.18217188596725464,
        0.18180219411849977
    ],
    "batch_sizes": [
        2000,
        4000,
        6000,
        8000,
        10000,
        12000,
        14000,
        16000,
        18000,
        20000
    ]
}