{
    "fid_infinity": 165.78997110550364,
    "kid_infinity": 0.1607787469268773,
    "fid_values": [
        175.06201029559944,
        173.85617325864428,
        172.1414816250504,
        170.53055648801322,
        171.93143942924115,
        170.408722136554,
        169.7856099006286,
        169.26841310549884,
        169.48495371708577,
        169.20736700787978,
        169.019434106956
    ],
    "kid_values": [
        0.16232169389724732,
        0.1627628755569458,
        0.16187324047088622,
        0.1606242299079895,
        0.16322147130966186,
        0.16209536790847778,
        0.16087778568267821,
        0.1605915093421936,
        0.16124969482421875,
        0.16211491107940673,
        0.16146543502807617
    ],
    "batch_sizes": [
        1000,
        1200,
        1400,
        1600,
        1800,
        2000,
        2200,
        2400,
        2600,
        2800,
        3000
    ]
}