{
    "fid_infinity": 173.21297104956585,
    "fid_std_error": 0.39300492177281604,
    "fid_r2": 0.5773805243959367,
    "kid_infinity": 0.1761411128317289,
    "kid_std_error": 0.0005075110527827491,
    "kid_r2": 0.023259476693794245,
    "fid_values": [
        176.20551403348253,
        174.49129008105612,
        176.15231898409755,
        174.46896780896546,
        173.13764237975263,
        173.96787088740513,
        174.07286434318402,
        172.71992615522336,
        173.39181864528297,
        173.188250854149
    ],
    "kid_values": [
        0.17526475667953492,
        0.17530142068862914,
        0.17820641040802002,
        0.17643659830093383,
        0.17498804330825807,
        0.17681074380874634,
        0.17580225944519043,
        0.17501832723617552,
        0.1765373468399048,
        0.1753971266746521
    ],
    "batch_sizes": [
        2000,
        4000,
        6000,
        8000,
        10000,
        12000,
        14000,
        16000,
        18000,
        20000
    ]
}