{
    "fid_infinity": 108.74047880801417,
    "fid_std_error": 0.12865766711174326,
    "fid_r2": 0.9650763607424742,
    "kid_infinity": 0.10180464489662039,
    "kid_std_error": 0.0002012146314975007,
    "kid_r2": 0.06707831616322402,
    "fid_values": [
        113.55444138943406,
        111.45711088967158,
        110.22919212823518,
        109.40448387763468,
        110.07802805847933,
        109.49660076303684,
        109.48666505138905,
        109.4516509816608,
        109.40023983484008,
        109.07893812691273
    ],
    "kid_values": [
        0.1012453031539917,
        0.10207135438919067,
        0.10172728061676026,
        0.10115026473999024,
        0.10216742277145385,
        0.10154675722122192,
        0.10186731815338135,
        0.10176634073257446,
        0.10224500179290771,
        0.10112399101257324
    ],
    "batch_sizes": [
        2000,
        4000,
        6000,
        8000,
        10000,
        12000,
        14000,
        16000,
        18000,
        20000
    ]
}