{
    "fid_infinity": 166.6943976427714,
    "kid_infinity": 0.16224781159647447,
    "fid_values": [
        173.55455058283394,
        172.64096932116638,
        172.10551448097553,
        171.30493550732908,
        170.5246293175574,
        170.77920731303982,
        169.05185567096112,
        169.21270723435126,
        170.12773341810646,
        169.12248234817622,
        169.01959672651364
    ],
    "kid_values": [
        0.16036054611206055,
        0.1608957505226135,
        0.16162420988082885,
        0.161870539188385,
        0.1614629626274109,
        0.16283839464187622,
        0.16052491426467896,
        0.16080657482147218,
        0.16205938577651977,
        0.16213900566101075,
        0.16119643688201904
    ],
    "batch_sizes": [
        1000,
        1200,
        1400,
        1600,
        1800,
        2000,
        2200,
        2400,
        2600,
        2800,
        3000
    ]
}