{
    "fid_infinity": 133.55422634791216,
    "fid_std_error": 0.07373851682108427,
    "fid_r2": 0.9865023451509213,
    "kid_infinity": 0.12335992724857552,
    "kid_std_error": 0.00017047103293915382,
    "kid_r2": 0.2844715083258613,
    "fid_values": [
        138.1108692846801,
        135.68271852238,
        135.16907640016677,
        134.80213842733443,
        134.32736987699926,
        134.30815131557392,
        134.066395076496,
        134.43906153860001,
        133.97460492430048,
        133.92789820644464
    ],
    "kid_values": [
        0.12246410369873047,
        0.12314931631088256,
        0.12327187776565551,
        0.12348124504089356,
        0.1224970293045044,
        0.12350271224975586,
        0.1232641577720642,
        0.12343882560729981,
        0.1234583854675293,
        0.12280966997146607
    ],
    "batch_sizes": [
        2000,
        4000,
        6000,
        8000,
        10000,
        12000,
        14000,
        16000,
        18000,
        20000
    ]
}