{
    "fid_infinity": 118.97779700568226,
    "fid_std_error": 0.17686940150418437,
    "fid_r2": 0.9725140484546643,
    "kid_infinity": 0.11231002899863349,
    "kid_std_error": 0.0002626260483395315,
    "kid_r2": 0.6490562159636524,
    "fid_values": [
        126.86360606237463,
        122.43490056443434,
        120.78817824579872,
        120.62139207566796,
        120.86216298566953,
        120.03986094115663,
        120.19440582122044,
        120.07895637834591,
        120.11035427581561,
        119.92384654476422
    ],
    "kid_values": [
        0.11505849361419677,
        0.11355780363082886,
        0.11215384244918823,
        0.11327359676361085,
        0.11311724185943603,
        0.11236324310302734,
        0.11341474056243897,
        0.1124614119529724,
        0.11312235355377197,
        0.11209355831146241
    ],
    "batch_sizes": [
        2000,
        4000,
        6000,
        8000,
        10000,
        12000,
        14000,
        16000,
        18000,
        20000
    ]
}