{
    "fid_infinity": 272.8818837727157,
    "fid_std_error": 0.13036008779617445,
    "fid_r2": 0.9616030830993952,
    "kid_infinity": 0.27513274098124374,
    "kid_std_error": 0.00041753385384202203,
    "kid_r2": 0.00022947046929511217,
    "fid_values": [
        277.6557628867253,
        275.2779100383982,
        273.920672793143,
        274.4308287671406,
        273.4919950251318,
        273.53327266058614,
        273.62647696138083,
        273.59364237214584,
        273.54204379547446,
        273.4746582658607
    ],
    "kid_values": [
        0.2744653534889221,
        0.276813006401062,
        0.2750189471244812,
        0.2752389144897461,
        0.27430535554885865,
        0.2739736032485962,
        0.2760502076148987,
        0.27520066022872924,
        0.2752265524864197,
        0.27490169286727906
    ],
    "batch_sizes": [
        2000,
        4000,
        6000,
        8000,
        10000,
        12000,
        14000,
        16000,
        18000,
        20000
    ]
}