{
    "fid_infinity": 436.7794967966078,
    "fid_std_error": 0.029221274389411238,
    "fid_r2": 0.9045352068442852,
    "kid_infinity": 0.38013857641598,
    "kid_std_error": 0.00018885261945087876,
    "kid_r2": 0.7668522904594381,
    "fid_values": [
        437.49386343649064,
        436.97466845395155,
        436.93962587134354,
        436.96302375728845,
        436.8950094385914,
        436.8983704007531,
        436.8500753502437,
        436.88014792807667,
        436.90073288737653,
        436.8923022888967
    ],
    "kid_values": [
        0.38293378353118895,
        0.38097572088241577,
        0.38045090436935425,
        0.38074268817901613,
        0.3804133200645447,
        0.3806306004524231,
        0.3801037502288818,
        0.3807635235786438,
        0.3805394220352173,
        0.38103963375091554
    ],
    "batch_sizes": [
        2000,
        4000,
        6000,
        8000,
        10000,
        12000,
        14000,
        16000,
        18000,
        20000
    ]
}