{
    "fid_infinity": 440.68368454681155,
    "fid_std_error": 0.12507916587022228,
    "fid_r2": 0.39383451418697013,
    "kid_infinity": 0.4072270821225616,
    "kid_std_error": 8.795917927325156e-05,
    "kid_r2": 0.3881128889948269,
    "fid_values": [
        441.5348513448654,
        440.7586121642964,
        440.56639626282305,
        441.1545912085392,
        441.22710726363164,
        440.99003719382915,
        440.580887589042,
        440.7209403265444,
        440.6704391959556,
        440.75462739903116
    ],
    "kid_values": [
        0.4066117119789123,
        0.4072671318054199,
        0.4068629455566406,
        0.407273268699646,
        0.40714372634887697,
        0.40707156896591185,
        0.4073976182937622,
        0.4071128487586975,
        0.40700244665145874,
        0.40705337285995485
    ],
    "batch_sizes": [
        2000,
        4000,
        6000,
        8000,
        10000,
        12000,
        14000,
        16000,
        18000,
        20000
    ]
}