{
    "fid_infinity": 361.59319246269297,
    "fid_std_error": 0.13580651748094177,
    "fid_r2": 0.1144978008855485,
    "kid_infinity": 0.3020085495776686,
    "kid_std_error": 0.00031250942954686806,
    "kid_r2": 0.6256460361788927,
    "fid_values": [
        361.09666375887645,
        361.69788297039645,
        361.93137094066157,
        360.99365734819105,
        361.28480935475227,
        361.69408252988785,
        361.6118355814193,
        361.5556140782568,
        361.5289694115511,
        361.5093756672556
    ],
    "kid_values": [
        0.29901947498321535,
        0.3007654023170471,
        0.30186350345611573,
        0.2997232270240784,
        0.30153430461883546,
        0.3016276669502258,
        0.3017720174789429,
        0.3020292043685913,
        0.3018485379219055,
        0.30140032291412355
    ],
    "batch_sizes": [
        2000,
        4000,
        6000,
        8000,
        10000,
        12000,
        14000,
        16000,
        18000,
        20000
    ]
}