{
    "fid_infinity": 377.1776077486763,
    "fid_std_error": 0.27574516488476924,
    "fid_r2": 0.9306857303646084,
    "kid_infinity": 0.41902682237275624,
    "kid_std_error": 0.0004532121774358562,
    "kid_r2": 0.25076909716368767,
    "fid_values": [
        384.73892903132634,
        380.2828141312016,
        378.5338042755421,
        379.66388639956006,
        379.36883410147993,
        378.75363621033483,
        377.9621273953062,
        378.0571307367709,
        377.8848497296361,
        377.7930615456918
    ],
    "kid_values": [
        0.42151092052459715,
        0.41912026166915894,
        0.4176851892471313,
        0.42012288331985476,
        0.4206011605262756,
        0.42003377437591555,
        0.4192997217178345,
        0.41931695461273194,
        0.41900851726531985,
        0.41908652782440187
    ],
    "batch_sizes": [
        2000,
        4000,
        6000,
        8000,
        10000,
        12000,
        14000,
        16000,
        18000,
        20000
    ]
}