{
    "fid_infinity": 63.69066982821235,
    "fid_std_error": 0.1098996327458101,
    "fid_r2": 0.9855148993045022,
    "kid_infinity": 0.05149521998027496,
    "kid_std_error": 0.00011288861473984642,
    "kid_r2": 0.04246412246938469,
    "fid_values": [
        70.41344021227053,
        66.38575259187613,
        65.9757169434439,
        65.20212363791507,
        65.14688773505006,
        64.8703449972462,
        64.73130889909768,
        64.50801599564758,
        64.43183455038644,
        64.31754137796472
    ],
    "kid_values": [
        0.05133497953414917,
        0.05110550165176392,
        0.051677889823913574,
        0.051696486473083496,
        0.051569817066192625,
        0.051487014293670655,
        0.05177371025085449,
        0.0513486909866333,
        0.051263811588287356,
        0.051194021701812746
    ],
    "batch_sizes": [
        2000,
        4000,
        6000,
        8000,
        10000,
        12000,
        14000,
        16000,
        18000,
        20000
    ]
}