{
    "fid_infinity": 139.40670912377578,
    "fid_std_error": 0.28487326131540175,
    "fid_r2": 0.9314038898133532,
    "kid_infinity": 0.14844230138083267,
    "kid_std_error": 0.00044190560867210147,
    "kid_r2": 0.23828183920560708,
    "fid_values": [
        147.02381050633883,
        143.28463582959776,
        140.805395224855,
        142.188002801129,
        141.47747791907028,
        140.01270646419465,
        140.38654615902107,
        140.63784531473817,
        140.2051533070669,
        140.13559918555876
    ],
    "kid_values": [
        0.15049365520477295,
        0.14921557188034057,
        0.14708220958709717,
        0.15025462627410888,
        0.14956727981567383,
        0.14821435689926146,
        0.148527307510376,
        0.14912694692611694,
        0.14878849744796752,
        0.14835376977920534
    ],
    "batch_sizes": [
        2000,
        4000,
        6000,
        8000,
        10000,
        12000,
        14000,
        16000,
        18000,
        20000
    ]
}