{
    "fid_infinity": 143.443659025574,
    "fid_std_error": 0.19893105297226388,
    "fid_r2": 0.9234067000232651,
    "kid_infinity": 0.16273738191517803,
    "kid_std_error": 0.0002395844708187239,
    "kid_r2": 0.04977595154070469,
    "fid_values": [
        148.7270620987469,
        145.0841336289319,
        144.79355839877118,
        145.272589030611,
        144.80131317201483,
        144.2171428915392,
        144.09073675409547,
        144.12971043795224,
        143.86239172429686,
        143.99345469991675
    ],
    "kid_values": [
        0.16266066789627076,
        0.16159305334091187,
        0.1623220944404602,
        0.16336477041244507,
        0.16322927474975585,
        0.16273730278015136,
        0.1625855040550232,
        0.16255297660827636,
        0.16240684747695922,
        0.162767391204834
    ],
    "batch_sizes": [
        2000,
        4000,
        6000,
        8000,
        10000,
        12000,
        14000,
        16000,
        18000,
        20000
    ]
}