{
    "fid_infinity": 150.64450126217938,
    "fid_std_error": 0.143498148228855,
    "fid_r2": 0.9556054260791333,
    "kid_infinity": 0.17036633817157903,
    "kid_std_error": 0.0002865593767514757,
    "kid_r2": 0.09523901200732943,
    "fid_values": [
        155.21484207915728,
        153.4368824420848,
        152.04651691269714,
        152.32471197457764,
        151.6446672796598,
        151.5909834540895,
        151.38041951936077,
        150.81926340208526,
        150.96889133622136,
        151.0281203644644
    ],
    "kid_values": [
        0.1701633596420288,
        0.16903938770294188,
        0.1694383764266968,
        0.17067108631134034,
        0.17072402000427245,
        0.1708884596824646,
        0.17007693767547608,
        0.16998263597488403,
        0.17001723527908325,
        0.17070537567138672
    ],
    "batch_sizes": [
        2000,
        4000,
        6000,
        8000,
        10000,
        12000,
        14000,
        16000,
        18000,
        20000
    ]
}