{
    "fid_infinity": 126.88613387416724,
    "fid_std_error": 0.20943391758408975,
    "fid_r2": 0.9088369149662542,
    "kid_infinity": 0.13938950062290476,
    "kid_std_error": 0.0002673954957807564,
    "kid_r2": 0.036221169209166515,
    "fid_values": [
        131.95255114188498,
        128.6785442187337,
        127.77850213492331,
        128.25512028653083,
        128.6126253411226,
        127.74323889226892,
        127.60461004812481,
        127.48725722296993,
        127.38793934592798,
        127.27670723167063
    ],
    "kid_values": [
        0.13950735569000244,
        0.13822096347808838,
        0.1384896469116211,
        0.1396087384223938,
        0.14000237941741944,
        0.1396954369544983,
        0.1391415762901306,
        0.13936218976974488,
        0.1393839931488037,
        0.13939185619354247
    ],
    "batch_sizes": [
        2000,
        4000,
        6000,
        8000,
        10000,
        12000,
        14000,
        16000,
        18000,
        20000
    ]
}