{
    "fid_infinity": 155.72148113124888,
    "fid_std_error": 0.1773005162457829,
    "fid_r2": 0.9612142503252414,
    "kid_infinity": 0.17558492342931084,
    "kid_std_error": 0.0002635726555307105,
    "kid_r2": 0.5234900406595059,
    "fid_values": [
        161.7840264938301,
        159.65005214078238,
        157.9150497850416,
        157.25247213245373,
        156.68374769425438,
        156.27684350815701,
        156.4791932724474,
        156.796532060854,
        156.50570818164442,
        156.44539626309844
    ],
    "kid_values": [
        0.1773319959640503,
        0.17760732650756836,
        0.17579793691635132,
        0.17610880851745606,
        0.17527204036712646,
        0.17539841175079346,
        0.175777325630188,
        0.1762742018699646,
        0.1758861708641052,
        0.17620861291885376
    ],
    "batch_sizes": [
        2000,
        4000,
        6000,
        8000,
        10000,
        12000,
        14000,
        16000,
        18000,
        20000
    ]
}