{
    "fid_infinity": 139.28263490731848,
    "kid_infinity": 0.1592859919501207,
    "fid_values": [
        151.04256317856493,
        150.20838327264414,
        148.39046247171828,
        146.6805830377628,
        145.4392671137023,
        144.91478541622882,
        144.13725562648278,
        144.5488545729392,
        144.6038306255747,
        143.71461564776098,
        143.48977795260893
    ],
    "kid_values": [
        0.16147493124008178,
        0.16196394681930543,
        0.16068895816802978,
        0.16005248069763184,
        0.1605232334136963,
        0.15990148782730101,
        0.15919135570526122,
        0.16060971975326538,
        0.1609096646308899,
        0.16013911724090577,
        0.16040276765823364
    ],
    "batch_sizes": [
        1000,
        1200,
        1400,
        1600,
        1800,
        2000,
        2200,
        2400,
        2600,
        2800,
        3000
    ]
}