{
    "fid_infinity": 139.37335422501422,
    "kid_infinity": 0.1597417480760974,
    "fid_values": [
        151.55785520111422,
        149.4145714416391,
        147.8487739383574,
        145.43300120162496,
        145.37875269679967,
        145.57174934332983,
        144.94014663521546,
        144.61503245569168,
        143.93141183377875,
        143.71029771002577,
        143.48985236004143
    ],
    "kid_values": [
        0.16135688066482545,
        0.16135977745056151,
        0.16049883842468263,
        0.1584839391708374,
        0.15944836139678956,
        0.16060482501983642,
        0.16068020582199097,
        0.16079574346542358,
        0.16072045803070067,
        0.159829044342041,
        0.160474750995636
    ],
    "batch_sizes": [
        1000,
        1200,
        1400,
        1600,
        1800,
        2000,
        2200,
        2400,
        2600,
        2800,
        3000
    ]
}