{
    "fid_infinity": 139.11389853141318,
    "fid_std_error": 0.18248399445967045,
    "fid_r2": 0.9597686521596926,
    "kid_infinity": 0.14725057341594397,
    "kid_std_error": 0.00023549613404462053,
    "kid_r2": 0.001210470080501569,
    "fid_values": [
        145.64375563268175,
        141.95751332458016,
        140.80706026451688,
        141.61674324497204,
        140.39776245986454,
        140.22937763032562,
        139.92676522697596,
        139.91890357311712,
        139.67326882404754,
        139.72434885225513
    ],
    "kid_values": [
        0.14722541093826294,
        0.1471225929260254,
        0.1472109603881836,
        0.14852145195007324,
        0.14694849967956544,
        0.14732331037521362,
        0.1471899151802063,
        0.14724459886550903,
        0.1467636799812317,
        0.14712783813476563
    ],
    "batch_sizes": [
        2000,
        4000,
        6000,
        8000,
        10000,
        12000,
        14000,
        16000,
        18000,
        20000
    ]
}