{
    "fid_infinity": 130.05366087453388,
    "kid_infinity": 0.1427121756116086,
    "fid_values": [
        141.19667795208355,
        139.04411386443303,
        138.10542838378188,
        136.96274142837692,
        136.43835595179206,
        136.0457230093955,
        135.05427162115976,
        134.77930588957324,
        134.533211855528,
        133.5771711876058,
        133.59855155641546
    ],
    "kid_values": [
        0.1423264980316162,
        0.14219072341918945,
        0.14171780586242677,
        0.14246361017227172,
        0.1425395727157593,
        0.14327576160430908,
        0.1423899793624878,
        0.14255341291427612,
        0.14286559104919433,
        0.14185949325561523,
        0.14240840673446656
    ],
    "batch_sizes": [
        1000,
        1200,
        1400,
        1600,
        1800,
        2000,
        2200,
        2400,
        2600,
        2800,
        3000
    ]
}