{
    "fid_infinity": 142.1790444338824,
    "fid_std_error": 0.39066036764378453,
    "fid_r2": 0.8244266272375873,
    "kid_infinity": 0.15111384452800988,
    "kid_std_error": 0.0005417998667797223,
    "kid_r2": 0.02474235501255584,
    "fid_values": [
        147.85485000841183,
        147.00537614390075,
        143.32342437117302,
        142.77996239282407,
        143.48894753922787,
        142.69552092179583,
        143.31970336374613,
        143.09885521290647,
        143.19313883826968,
        142.84511415298826
    ],
    "kid_values": [
        0.14993903160095215,
        0.1532348895072937,
        0.14981496810913086,
        0.14934666633605956,
        0.1512404203414917,
        0.15066818714141847,
        0.15120001554489135,
        0.15146415710449218,
        0.1513269853591919,
        0.15108708143234253
    ],
    "batch_sizes": [
        2000,
        4000,
        6000,
        8000,
        10000,
        12000,
        14000,
        16000,
        18000,
        20000
    ]
}