{
    "fid_infinity": 161.38988536804442,
    "fid_std_error": 0.194695336182098,
    "fid_r2": 0.9068402298085724,
    "kid_infinity": 0.17822050275825935,
    "kid_std_error": 0.0002895655201127102,
    "kid_r2": 0.4779465549368954,
    "fid_values": [
        165.88067380765997,
        162.82804086896442,
        163.16298748278018,
        163.05752213266047,
        162.4810838839316,
        162.43919078945814,
        161.77514282970805,
        161.62449933448505,
        161.67058834434116,
        161.7621329021817
    ],
    "kid_values": [
        0.17640328168869018,
        0.17618370771408082,
        0.17823675632476807,
        0.17848503351211548,
        0.17753387212753297,
        0.17855427742004396,
        0.17750362396240235,
        0.1776844096183777,
        0.17779894828796386,
        0.17799062252044678
    ],
    "batch_sizes": [
        2000,
        4000,
        6000,
        8000,
        10000,
        12000,
        14000,
        16000,
        18000,
        20000
    ]
}