{
    "fid_infinity": 157.4415643434071,
    "kid_infinity": 0.1663690395781929,
    "fid_values": [
        170.2809704641802,
        169.63330237402647,
        167.02451875084137,
        164.50024891790275,
        165.35584371573202,
        163.98865473360252,
        163.6375248324504,
        163.08593204918338,
        162.01743136573538,
        162.41008231619085,
        162.0995618732396
    ],
    "kid_values": [
        0.16444397926330567,
        0.16772523641586304,
        0.16619652032852172,
        0.1648237919807434,
        0.16705561876296998,
        0.16579897642135621,
        0.16586015939712526,
        0.16608296155929567,
        0.16573186874389648,
        0.1659704327583313,
        0.16641896963119507
    ],
    "batch_sizes": [
        1000,
        1200,
        1400,
        1600,
        1800,
        2000,
        2200,
        2400,
        2600,
        2800,
        3000
    ]
}