{
    "fid_infinity": 251.63667214989565,
    "fid_std_error": 0.1761968793616407,
    "fid_r2": 0.9490019570121305,
    "kid_infinity": 0.26872409171698486,
    "kid_std_error": 0.00037189921411625275,
    "kid_r2": 0.41839346131192245,
    "fid_values": [
        256.8838825623942,
        254.90308932705176,
        253.48465747843733,
        252.54248180943455,
        253.3964170786275,
        252.2536893674382,
        252.2717001075581,
        252.33887157902726,
        252.14802633138294,
        252.13879970175338
    ],
    "kid_values": [
        0.26577961921691895,
        0.26931046962738037,
        0.26792997121810913,
        0.26767137050628664,
        0.2687070965766907,
        0.26779317140579223,
        0.268056538105011,
        0.26909010410308837,
        0.2681362009048462,
        0.2681284952163696
    ],
    "batch_sizes": [
        2000,
        4000,
        6000,
        8000,
        10000,
        12000,
        14000,
        16000,
        18000,
        20000
    ]
}