{
    "fid_infinity": 131.6361980120547,
    "fid_std_error": 0.18829807640535837,
    "fid_r2": 0.9208322360402152,
    "kid_infinity": 0.14689569731798469,
    "kid_std_error": 0.00015676183380290609,
    "kid_r2": 0.6953288941814146,
    "fid_values": [
        136.24623212828143,
        133.46390614056517,
        134.11034182347436,
        132.55636256295944,
        132.63861543925347,
        132.4851987448372,
        132.30787682813116,
        132.2428139478287,
        131.89875471197996,
        131.92601432897737
    ],
    "kid_values": [
        0.14514749526977538,
        0.14574281215667725,
        0.1469863796234131,
        0.14647987127304077,
        0.14640698432922364,
        0.14691216468811036,
        0.146748366355896,
        0.146781063079834,
        0.1463683319091797,
        0.14639986991882326
    ],
    "batch_sizes": [
        2000,
        4000,
        6000,
        8000,
        10000,
        12000,
        14000,
        16000,
        18000,
        20000
    ]
}