{
    "fid_infinity": 129.83201886724615,
    "kid_infinity": 0.1424074072415938,
    "fid_values": [
        141.26574380851906,
        139.67464774860656,
        138.07952269448427,
        137.26664377245052,
        136.11357307465977,
        135.94225028774036,
        135.29905914418418,
        134.49531090601974,
        134.21086919603647,
        133.95102120294314,
        133.59853131734934
    ],
    "kid_values": [
        0.1422396969795227,
        0.14209454298019408,
        0.1424014949798584,
        0.14276447296142578,
        0.14259406089782714,
        0.1427186155319214,
        0.14247018098831177,
        0.14200658082962037,
        0.142352454662323,
        0.14236587285995483,
        0.14213338136672973
    ],
    "batch_sizes": [
        1000,
        1200,
        1400,
        1600,
        1800,
        2000,
        2200,
        2400,
        2600,
        2800,
        3000
    ]
}