{
    "fid_infinity": 153.27987723623139,
    "kid_infinity": 0.161655387074527,
    "fid_values": [
        165.9962113836695,
        164.08105949531517,
        163.54868530395456,
        160.9510716196877,
        160.97357267932756,
        160.57811725878247,
        157.49048360032083,
        159.24213161281153,
        158.82587719802788,
        157.5458981827565,
        157.55596485627683
    ],
    "kid_values": [
        0.1636141061782837,
        0.1626607084274292,
        0.1630997920036316,
        0.16146011590957643,
        0.16345232963562012,
        0.16372068643569945,
        0.16120462417602538,
        0.1631801438331604,
        0.16228570222854613,
        0.16178464889526367,
        0.16219913482666015
    ],
    "batch_sizes": [
        1000,
        1200,
        1400,
        1600,
        1800,
        2000,
        2200,
        2400,
        2600,
        2800,
        3000
    ]
}