{
    "fid_infinity": 120.65520201662487,
    "fid_std_error": 0.08095010809738047,
    "fid_r2": 0.9903072357594817,
    "kid_infinity": 0.13379905921698917,
    "kid_std_error": 0.00010551085917167299,
    "kid_r2": 0.5513614851834623,
    "fid_values": [
        126.61249003420392,
        123.35095491641451,
        122.75535927838601,
        122.30969023994132,
        121.57547813194194,
        121.48866437402867,
        121.48289597292836,
        121.41540698139676,
        121.44538953577083,
        121.33457213442728
    ],
    "kid_values": [
        0.1347726821899414,
        0.13411781787872315,
        0.1338568162918091,
        0.1339915919303894,
        0.1338573217391968,
        0.13358264923095703,
        0.13394515514373778,
        0.13409254789352418,
        0.1342615294456482,
        0.1339739441871643
    ],
    "batch_sizes": [
        2000,
        4000,
        6000,
        8000,
        10000,
        12000,
        14000,
        16000,
        18000,
        20000
    ]
}