{
    "fid_infinity": 91.65241141983735,
    "fid_std_error": 0.07019200841111589,
    "fid_r2": 0.9912901867998173,
    "kid_infinity": 0.0870505207964531,
    "kid_std_error": 0.00012781803603066424,
    "kid_r2": 0.48988247147594854,
    "fid_values": [
        96.9293887067301,
        94.66879584660592,
        93.31061463933256,
        92.8867042394537,
        92.8741612733375,
        92.52004128833576,
        92.40412189541027,
        92.29981757505163,
        92.17974283766304,
        92.20904908752956
    ],
    "kid_values": [
        0.08592159986495972,
        0.08690195322036744,
        0.0869148874282837,
        0.0872400951385498,
        0.08686295509338379,
        0.08670588731765747,
        0.08708893537521362,
        0.08661316394805908,
        0.08692235708236694,
        0.08669747114181518
    ],
    "batch_sizes": [
        2000,
        4000,
        6000,
        8000,
        10000,
        12000,
        14000,
        16000,
        18000,
        20000
    ]
}