{
    "fid_infinity": 75.45217034595794,
    "fid_std_error": 0.1840235419593893,
    "fid_r2": 0.9622713788152907,
    "kid_infinity": 0.06556102595703561,
    "kid_std_error": 0.00022580224001391555,
    "kid_r2": 0.1350663332039601,
    "fid_values": [
        81.71507194181203,
        79.69321579544777,
        77.8838808908186,
        77.01509336634783,
        76.59744462486151,
        76.75958408140437,
        76.2051697652501,
        76.14241652948624,
        76.02571337399513,
        76.04160025417991
    ],
    "kid_values": [
        0.06568520784378051,
        0.06682504892349243,
        0.06626862525939942,
        0.06557600736618042,
        0.06568411350250244,
        0.06584202527999877,
        0.06549143552780151,
        0.06523008346557617,
        0.06567446708679199,
        0.06521099090576171
    ],
    "batch_sizes": [
        2000,
        4000,
        6000,
        8000,
        10000,
        12000,
        14000,
        16000,
        18000,
        20000
    ]
}