{
    "fid_infinity": 62.83085491987976,
    "fid_std_error": 0.15960872792940375,
    "fid_r2": 0.9592069454319955,
    "kid_infinity": 0.05316446789920539,
    "kid_std_error": 0.000183664600186091,
    "kid_r2": 0.560430598935098,
    "fid_values": [
        68.13597765332389,
        66.25599700383131,
        64.32175199532122,
        64.70084461343987,
        63.95918959737358,
        63.651499838133674,
        63.440239661773376,
        63.49655086961707,
        63.35005582338047,
        63.283627225922714
    ],
    "kid_values": [
        0.05140227317810059,
        0.052708966732025145,
        0.052731096744537354,
        0.05350679159164429,
        0.05307157278060913,
        0.05272469758987427,
        0.05311437368392944,
        0.052740249633789066,
        0.05285645723342895,
        0.05242405652999878
    ],
    "batch_sizes": [
        2000,
        4000,
        6000,
        8000,
        10000,
        12000,
        14000,
        16000,
        18000,
        20000
    ]
}