{
    "fid_infinity": 107.79553921357343,
    "fid_std_error": 0.0662893324248724,
    "fid_r2": 0.9906263528605808,
    "kid_infinity": 0.10585975213076758,
    "kid_std_error": 0.0002114105030631305,
    "kid_r2": 0.35644197087217455,
    "fid_values": [
        112.64173706645977,
        110.44966272881041,
        109.23035579620989,
        109.19160851848517,
        108.61981855795216,
        108.52135642419611,
        108.570941378551,
        108.4205128734807,
        108.4027024536012,
        108.24740571103442
    ],
    "kid_values": [
        0.1044469165802002,
        0.10601217031478882,
        0.10516688823699952,
        0.10620221376419067,
        0.10517140865325927,
        0.10538364887237549,
        0.10601199388504029,
        0.10564209461212158,
        0.10582252979278564,
        0.10542670011520386
    ],
    "batch_sizes": [
        2000,
        4000,
        6000,
        8000,
        10000,
        12000,
        14000,
        16000,
        18000,
        20000
    ]
}