{
    "fid_infinity": 110.91868151467273,
    "fid_std_error": 0.18551684926558623,
    "fid_r2": 0.9414699284607255,
    "kid_infinity": 0.10816908667116343,
    "kid_std_error": 0.00025981991912611484,
    "kid_r2": 0.01615535063561524,
    "fid_values": [
        116.57142140597205,
        113.1501266692332,
        111.90081815940209,
        112.73415016060741,
        112.0073213988756,
        111.97330426368177,
        111.69538484621188,
        111.56845278390267,
        111.70042014697947,
        111.5429509846548
    ],
    "kid_values": [
        0.1082159185409546,
        0.1075507140159607,
        0.10723343133926391,
        0.10909097909927368,
        0.10792444944381714,
        0.10822820901870728,
        0.10826169729232787,
        0.10801749229431153,
        0.10861217975616455,
        0.10785515785217285
    ],
    "batch_sizes": [
        2000,
        4000,
        6000,
        8000,
        10000,
        12000,
        14000,
        16000,
        18000,
        20000
    ]
}