{
    "fid_infinity": 75.3688363663679,
    "fid_std_error": 0.07412550362121353,
    "fid_r2": 0.9925671534302355,
    "kid_infinity": 0.06531086965427506,
    "kid_std_error": 8.349279076535822e-05,
    "kid_r2": 0.26251957018911043,
    "fid_values": [
        81.6267851536852,
        78.37127649863871,
        77.31337264044691,
        76.57963153026714,
        76.56252488754606,
        76.4844159993958,
        76.32158960114822,
        76.34462312678062,
        76.06838207945594,
        76.04163791643833
    ],
    "kid_values": [
        0.06566685438156128,
        0.06559366464614869,
        0.06538313627243042,
        0.0651463508605957,
        0.06527222394943237,
        0.06545053482055664,
        0.0656524133682251,
        0.06540252208709717,
        0.06547060489654541,
        0.06511868000030517
    ],
    "batch_sizes": [
        2000,
        4000,
        6000,
        8000,
        10000,
        12000,
        14000,
        16000,
        18000,
        20000
    ]
}