{
    "fid_infinity": 75.29145409624182,
    "fid_std_error": 0.14723021194524633,
    "fid_r2": 0.976179275537194,
    "kid_infinity": 0.0653303890304592,
    "kid_std_error": 0.00013846290031478884,
    "kid_r2": 0.4165443809630667,
    "fid_values": [
        81.91400132046164,
        79.3544767978185,
        77.17281560054244,
        76.7039935130201,
        76.64327314885634,
        76.30053491952253,
        76.1566544570681,
        76.32447034056338,
        76.13670335125286,
        76.04163068014154
    ],
    "kid_values": [
        0.06615673303604126,
        0.06602602005004883,
        0.06545120000839233,
        0.06521787643432617,
        0.06540398359298706,
        0.0651155161857605,
        0.06569571018218995,
        0.06568916082382202,
        0.06582972049713134,
        0.06517996072769165
    ],
    "batch_sizes": [
        2000,
        4000,
        6000,
        8000,
        10000,
        12000,
        14000,
        16000,
        18000,
        20000
    ]
}