{
    "fid_infinity": 192.19820622078686,
    "fid_std_error": 0.15465238892283165,
    "fid_r2": 0.9797624633625758,
    "kid_infinity": 0.18151296111743087,
    "kid_std_error": 0.00018684030287976794,
    "kid_r2": 0.7724837132378601,
    "fid_values": [
        199.7978925728377,
        196.34002105754817,
        194.94470528077426,
        193.6763231188661,
        194.36018726546274,
        193.11741630690778,
        193.33422514612718,
        193.13474382462113,
        192.97197576809288,
        192.9491669047605
    ],
    "kid_values": [
        0.17883488893508911,
        0.1805821204185486,
        0.18107279539108276,
        0.18045202732086182,
        0.18127142429351806,
        0.18097756385803224,
        0.18178073406219483,
        0.18118181943893433,
        0.18080764770507812,
        0.18092364072799683
    ],
    "batch_sizes": [
        2000,
        4000,
        6000,
        8000,
        10000,
        12000,
        14000,
        16000,
        18000,
        20000
    ]
}