{
    "fid_infinity": 176.74196104709208,
    "fid_std_error": 0.146485572380677,
    "fid_r2": 0.9896469407072913,
    "kid_infinity": 0.16687696071693472,
    "kid_std_error": 0.0001781274263304682,
    "kid_r2": 0.26119376768201397,
    "fid_values": [
        187.29747360916835,
        181.6374030699307,
        179.47754356531777,
        179.23926773900223,
        178.8931091125263,
        178.73536771862683,
        178.3452845675162,
        178.02063264019785,
        177.94661535790902,
        177.96578523130472
    ],
    "kid_values": [
        0.16782639503479005,
        0.16720156669616698,
        0.16625580072402954,
        0.16719476222991944,
        0.16708600997924805,
        0.167190363407135,
        0.16747642755508424,
        0.16699374437332154,
        0.16678207874298095,
        0.16699126958847046
    ],
    "batch_sizes": [
        2000,
        4000,
        6000,
        8000,
        10000,
        12000,
        14000,
        16000,
        18000,
        20000
    ]
}