{
    "fid_infinity": 181.04711094610727,
    "fid_std_error": 0.14509668327799,
    "fid_r2": 0.9843207141986325,
    "kid_infinity": 0.17096531489806305,
    "kid_std_error": 0.00015548221779149022,
    "kid_r2": 0.7008305346993278,
    "fid_values": [
        189.3480936115116,
        184.8565078458111,
        184.24488370203912,
        182.78647933335503,
        183.23589195445962,
        182.25367219246868,
        182.1614483605758,
        181.93762403044127,
        181.99988077500353,
        181.8395878163395
    ],
    "kid_values": [
        0.169281485080719,
        0.16982632398605346,
        0.17092425346374512,
        0.1700629734992981,
        0.17107895135879517,
        0.17051433086395262,
        0.1708517575263977,
        0.1707373595237732,
        0.1706296133995056,
        0.17073820829391478
    ],
    "batch_sizes": [
        2000,
        4000,
        6000,
        8000,
        10000,
        12000,
        14000,
        16000,
        18000,
        20000
    ]
}