{
    "fid_infinity": 158.68905856865845,
    "fid_std_error": 0.13730467946494576,
    "fid_r2": 0.990187521539246,
    "kid_infinity": 0.14523912048737042,
    "kid_std_error": 0.000175945929893017,
    "kid_r2": 0.2568691812306897,
    "fid_values": [
        168.6701312916798,
        163.73627867621002,
        161.9945170520904,
        160.4639530604116,
        160.45515151049233,
        160.55889808874787,
        160.2551443450651,
        160.04733779189883,
        159.9203355769775,
        159.81442826945437
    ],
    "kid_values": [
        0.14600003957748414,
        0.14565012454986573,
        0.1456715416908264,
        0.14479645490646362,
        0.14507810831069945,
        0.14590571641921998,
        0.14577000617980956,
        0.14531508445739746,
        0.14500582218170166,
        0.14537515878677368
    ],
    "batch_sizes": [
        2000,
        4000,
        6000,
        8000,
        10000,
        12000,
        14000,
        16000,
        18000,
        20000
    ]
}