{
    "fid_infinity": 144.01299091605006,
    "fid_std_error": 0.11100944138986543,
    "fid_r2": 0.9955597325539313,
    "kid_infinity": 0.12986041479374832,
    "kid_std_error": 0.00018483645803110652,
    "kid_r2": 0.6915050232383936,
    "fid_values": [
        156.1090591780304,
        149.9568264214352,
        147.44227045006983,
        147.04832642650848,
        146.32487735259252,
        145.89529679489186,
        145.85897789283297,
        145.56227789075916,
        145.48776482766374,
        145.4238742881298
    ],
    "kid_values": [
        0.13217028141021728,
        0.13027797460556031,
        0.13027487993240355,
        0.13040389060974122,
        0.1297590970993042,
        0.13042725563049318,
        0.13069286584854126,
        0.13031500577926636,
        0.1298741102218628,
        0.1302323341369629
    ],
    "batch_sizes": [
        2000,
        4000,
        6000,
        8000,
        10000,
        12000,
        14000,
        16000,
        18000,
        20000
    ]
}