n_z,time_mean,time_std,memory_estimate,allocations,gc_percent
10,0.010193691,0.0010640978152075718,1.564621925354004e-6,24,0.0
20,0.011217831,0.0008538432591810656,1.564621925354004e-6,24,0.0
30,0.012483903,0.0011936740076687602,1.564621925354004e-6,24,0.0
40,0.013702339,0.0007701047454189269,1.564621925354004e-6,24,0.0
50,0.016298682,0.0015487065829836327,1.564621925354004e-6,24,0.0
