n_z,time_mean,time_std,memory_estimate,allocations,gc_percent
10,0.00255108,8.753593565483074e-5,1.6242265701293945e-6,24,0.0
20,0.002752383,6.397759293507898e-5,1.6242265701293945e-6,24,0.0
30,0.002494684,9.710614221922319e-5,1.6242265701293945e-6,24,0.0
40,0.002612174,7.636468652328771e-5,1.6242265701293945e-6,24,0.0
50,0.002829552,7.133650414619432e-5,1.6242265701293945e-6,24,0.0
