n_z,time_mean,time_std,memory_estimate,allocations,gc_percent
10,0.002331457,8.685351633257765e-5,1.5944242477416992e-6,24,0.0
20,0.002274197,6.995009966337909e-5,1.5944242477416992e-6,24,0.0
30,0.002322959,3.5298384273693506e-5,1.5944242477416992e-6,24,0.0
40,0.002176404,6.642309818378945e-5,1.5944242477416992e-6,24,0.0
50,0.002176103,4.082931890606717e-5,1.5944242477416992e-6,24,0.0
