n_z,time_mean,time_std,memory_estimate,allocations,gc_percent
10,0.009762012,0.0018062711629699567,1.564621925354004e-6,24,0.0
20,0.01153399,0.002033422434804717,1.564621925354004e-6,24,0.0
30,0.015704378,0.0010444627411660026,1.564621925354004e-6,24,0.0
40,0.015129074,0.002246884121787373,1.564621925354004e-6,24,0.0
50,0.021450704,0.0019920614241147284,1.564621925354004e-6,24,0.0
