n_z,time_mean,time_std,memory_estimate,allocations,gc_percent
10,0.002643255,0.0001530336528302408,1.5944242477416992e-6,24,0.0
20,0.002620761,0.00010677175760471494,1.5944242477416992e-6,24,0.0
30,0.002839462,0.00010699322160632419,1.5944242477416992e-6,24,0.0
40,0.002833179,8.910740529103066e-5,1.5944242477416992e-6,24,0.0
50,0.002925522,0.00016927507838220013,1.5944242477416992e-6,24,0.0
