n_z,time_mean,time_std,memory_estimate,allocations,gc_percent
10,0.001751638,0.00011591683667986572,1.5944242477416992e-6,24,0.0
20,0.002174437,0.00015086340437152633,1.5944242477416992e-6,24,0.0
30,0.001972217,9.589178885233084e-5,1.5944242477416992e-6,24,0.0
40,0.001760622,0.00019364948510982414,1.5944242477416992e-6,24,0.0
50,0.002121116,9.791137920231743e-5,1.5944242477416992e-6,24,0.0
