n_z,time_mean,time_std,memory_estimate,allocations,gc_percent
10,0.002077449,7.07990389506336e-5,1.5944242477416992e-6,24,0.0
20,0.002217782,4.371781769770765e-5,1.5944242477416992e-6,24,0.0
30,0.002235771,3.560747118232352e-5,1.5944242477416992e-6,24,0.0
40,0.002206963,5.3048719516434454e-5,1.5944242477416992e-6,24,0.0
50,0.002276114,3.098594769138639e-5,1.5944242477416992e-6,24,0.0
