n_z,time_mean,time_std,memory_estimate,allocations,gc_percent
10,0.020726235,0.0028330331886396326,1.564621925354004e-6,24,0.0
20,0.026120555,0.0016818017155131434,1.564621925354004e-6,24,0.0
30,0.023688808,0.002841140700834027,1.564621925354004e-6,24,0.0
40,0.03411233,0.0015641500249763448,1.564621925354004e-6,24,0.0
50,0.037119206,0.0020803357280852215,1.564621925354004e-6,24,0.0
