n_z,time_mean,time_std,memory_estimate,allocations,gc_percent
10,0.002658043,6.198156156040816e-5,1.5944242477416992e-6,24,0.0
20,0.002522505,0.00016153195292201478,1.5944242477416992e-6,24,0.0
30,0.002733023,0.00014143196762754875,1.5944242477416992e-6,24,0.0
40,0.002812561,0.00010830081343323328,1.5944242477416992e-6,24,0.0
50,0.002912837,7.383714997546967e-5,1.5944242477416992e-6,24,0.0
