N_t,time_mean,time_std,memory_estimate,allocations,gc_percent
1,0.021874646,0.00023969566576244135,1.3262033462524414e-6,24,0.0
