n_z,time_mean,time_std,memory_estimate,allocations,gc_percent
10,0.002220941,2.4497671025358034e-5,1.5944242477416992e-6,24,0.0
20,0.00214821,3.9708907439011716e-5,1.5944242477416992e-6,24,0.0
30,0.002284413,4.4428082009017675e-5,1.5944242477416992e-6,24,0.0
40,0.002371255,4.203527890157663e-5,1.5944242477416992e-6,24,0.0
50,0.002233491,5.2944087186389374e-5,1.5944242477416992e-6,24,0.0
