n_z,time_mean,time_std,memory_estimate,allocations,gc_percent
10,0.002496688,0.0002421340480918232,1.5944242477416992e-6,24,0.0
20,0.002484328,0.00019918904299852104,1.5944242477416992e-6,24,0.0
30,0.002297734,0.0002233698123322248,1.5944242477416992e-6,24,0.0
40,0.002286793,0.00020817408508345443,1.5944242477416992e-6,24,0.0
50,0.002259333,0.00019195230162464842,1.5944242477416992e-6,24,0.0
