n_z,time_mean,time_std,memory_estimate,allocations,gc_percent
10,0.002834947,3.001976950388971e-5,1.6242265701293945e-6,24,0.0
20,0.002850854,0.0001452651577209759,1.6242265701293945e-6,24,0.0
30,0.002850534,5.240524174927543e-5,1.6242265701293945e-6,24,0.0
40,0.003029579,0.00014406937648681623,1.6242265701293945e-6,24,0.0
50,0.00288514,0.00017841607146078516,1.6242265701293945e-6,24,0.0
