n_z,time_mean,time_std,memory_estimate,allocations,gc_percent
10,0.002403143,0.00011080214747918922,1.5944242477416992e-6,24,0.0
20,0.002407196,7.924066216017716e-5,1.5944242477416992e-6,24,0.0
30,0.00230039,5.182606113079918e-5,1.5944242477416992e-6,24,0.0
40,0.002344328,0.00016018808117022938,1.5944242477416992e-6,24,0.0
50,0.002353177,7.678851317959825e-5,1.5944242477416992e-6,24,0.0
