N_t,time_mean,time_std,memory_estimate,allocations,gc_percent
1,0.00190207,0.001520473227474732,1.4454126358032227e-6,24,0.0
