N_t,time_mean,time_std,memory_estimate,allocations,gc_percent
1,0.002002964,0.0015528054522272112,1.4454126358032227e-6,24,0.0
