n_z,time_mean,time_std,memory_estimate,allocations,gc_percent
10,0.002160552,0.0002441970507894188,1.5944242477416992e-6,24,0.0
20,0.00256196,0.0002391867412746437,1.5944242477416992e-6,24,0.0
30,0.002353266,0.00018235397487030547,1.5944242477416992e-6,24,0.0
40,0.002277105,0.00032409841548363056,1.5944242477416992e-6,24,0.0
50,0.002337015,0.0002065311647209689,1.5944242477416992e-6,24,0.0
