n_z,time_mean,time_std,memory_estimate,allocations,gc_percent
10,0.01040202,0.001608817433513505,1.564621925354004e-6,24,0.0
20,0.011338607,0.0013408511072885226,1.564621925354004e-6,24,0.0
30,0.013468753,0.0006585410917349263,1.564621925354004e-6,24,0.0
40,0.013562317,0.002484146298639549,1.564621925354004e-6,24,0.0
50,0.01993964,0.0018202692331367545,1.564621925354004e-6,24,0.0
