n_z,time_mean,time_std,memory_estimate,allocations,gc_percent
10,0.00338067,0.0004431491716979735,1.564621925354004e-6,24,0.0
20,0.006861026,0.0011106595363255156,1.564621925354004e-6,24,0.0
30,0.008957561,0.0012516782531647062,1.564621925354004e-6,24,0.0
40,0.016616193,0.0010115016446131794,1.564621925354004e-6,24,0.0
50,0.01709277,0.0014923180918733532,1.564621925354004e-6,24,0.0
