N_t,time_mean,time_std,memory_estimate,allocations,gc_percent
1,0.006164744,0.00012934103164232146,1.296401023864746e-6,24,0.0
