n_z,time_mean,time_std,memory_estimate,allocations,gc_percent
10,0.009363763,0.0004390748806114333,1.564621925354004e-6,24,0.0
20,0.010016354,0.0007774250765541296,1.564621925354004e-6,24,0.0
30,0.011481906,0.0006918739912317449,1.564621925354004e-6,24,0.0
40,0.012470672,0.0007180392685611556,1.564621925354004e-6,24,0.0
50,0.011444283,0.0008661188392793286,1.564621925354004e-6,24,0.0
