N_t,time_mean,time_std,memory_estimate,allocations,gc_percent
1,0.021401498,0.001902286668031714,1.3262033462524414e-6,24,0.0
