n_z,time_mean,time_std,memory_estimate,allocations,gc_percent
10,0.002359019,8.03070312794382e-5,1.5944242477416992e-6,24,0.0
20,0.002162665,3.474839774243795e-5,1.5944242477416992e-6,24,0.0
30,0.002243497,9.135656551301243e-5,1.5944242477416992e-6,24,0.0
40,0.002167335,6.705262414203739e-5,1.5944242477416992e-6,24,0.0
50,0.002343139,1.5751924972311583e-5,1.5944242477416992e-6,24,0.0
