n_z,time_mean,time_std,memory_estimate,allocations,gc_percent
10,3.24067912,NaN,2.115964889526367e-6,45,0.0
20,3.329543975,NaN,2.115964889526367e-6,45,0.0
30,3.349891161,NaN,2.115964889526367e-6,45,0.0
40,3.38664586,NaN,2.115964889526367e-6,45,0.0
50,3.433967811,NaN,2.115964889526367e-6,45,0.0
