n_z,time_mean,time_std,memory_estimate,allocations,gc_percent
10,0.010259497,NaN,1.4454126358032227e-6,32,0.0
20,0.021729332,NaN,1.4454126358032227e-6,32,0.0
30,0.05771663,NaN,1.4454126358032227e-6,32,0.0
40,0.094516189,NaN,1.4454126358032227e-6,32,0.0
50,0.21344144,NaN,1.4454126358032227e-6,32,0.0
