n_z,time_mean,time_std,memory_estimate,allocations,gc_percent
10,0.022726753,NaN,2.175569534301758e-6,45,0.0
20,0.02299949,NaN,2.175569534301758e-6,45,0.0
30,0.023372017,NaN,2.175569534301758e-6,45,0.0
40,0.023205863,NaN,2.175569534301758e-6,45,0.0
50,0.023533059,NaN,2.175569534301758e-6,45,0.0
