n_z,time_mean,time_std,memory_estimate,allocations,gc_percent
10,0.02236089,NaN,2.175569534301758e-6,45,0.0
20,0.022775539,NaN,2.175569534301758e-6,45,0.0
30,0.023190459,NaN,2.175569534301758e-6,45,0.0
40,0.022686437,NaN,2.175569534301758e-6,45,0.0
50,0.02325408,NaN,2.175569534301758e-6,45,0.0
