n_z,time_mean,time_std,memory_estimate,allocations,gc_percent
10,0.006007702,NaN,3.2633543014526367e-6,72,0.0
20,0.006052843,NaN,3.2633543014526367e-6,72,0.0
30,0.006146274,NaN,3.2633543014526367e-6,72,0.0
40,0.0063875,NaN,3.2633543014526367e-6,72,0.0
50,0.007173599,NaN,3.2633543014526367e-6,72,0.0
