n_z,time_mean,time_std,memory_estimate,allocations,gc_percent
10,0.074086766,0.0004950511143629514,2.205371856689453e-6,45,0.0
20,0.076631054,0.00019404919264068068,2.205371856689453e-6,45,0.0
30,0.077705984,NaN,2.205371856689453e-6,45,0.0
40,0.077751184,NaN,2.205371856689453e-6,45,0.0
50,0.080879799,0.00022595102218069297,2.205371856689453e-6,45,0.0
