n_z,time_mean,time_std,memory_estimate,allocations,gc_percent
10,0.072570919,0.00014385309645781005,2.205371856689453e-6,45,0.0
20,0.073624184,7.831843997744082e-5,2.205371856689453e-6,45,0.0
30,0.074563444,2.467731955662932e-5,2.205371856689453e-6,45,0.0
40,0.074434418,0.00014207684422346944,2.205371856689453e-6,45,0.0
50,0.075147595,0.00019275660144467166,2.205371856689453e-6,45,0.0
