n_z,time_mean,time_std,memory_estimate,allocations,gc_percent
10,0.038891798,NaN,2.175569534301758e-6,45,0.0
20,0.038890527,NaN,2.175569534301758e-6,45,0.0
30,0.039339212,NaN,2.175569534301758e-6,45,0.0
40,0.039480514,NaN,2.175569534301758e-6,45,0.0
50,0.040438339,NaN,2.175569534301758e-6,45,0.0
