n_z,time_mean,time_std,memory_estimate,allocations,gc_percent
10,0.005259047,NaN,2.0563602447509766e-6,41,0.0
20,0.034807382,NaN,2.0563602447509766e-6,41,0.0
30,0.097594832,NaN,2.0563602447509766e-6,41,0.0
40,0.0815757,NaN,2.0563602447509766e-6,41,0.0
50,0.09824023,NaN,2.0563602447509766e-6,41,0.0
