n_z,time_mean,time_std,memory_estimate,allocations,gc_percent
10,0.02251474,NaN,2.175569534301758e-6,45,0.0
20,0.02288781,NaN,2.175569534301758e-6,45,0.0
30,0.023272488,NaN,2.175569534301758e-6,45,0.0
40,0.023224578,NaN,2.175569534301758e-6,45,0.0
50,0.023099685,NaN,2.175569534301758e-6,45,0.0
