n_z,time_mean,time_std,memory_estimate,allocations,gc_percent
10,0.005321222,NaN,3.2633543014526367e-6,72,0.0
20,0.00532673,NaN,3.2633543014526367e-6,72,0.0
30,0.005375825,NaN,3.2633543014526367e-6,72,0.0
40,0.005816453,NaN,3.2633543014526367e-6,72,0.0
50,0.005783422,NaN,3.2633543014526367e-6,72,0.0
