n_z,time_mean,time_std,memory_estimate,allocations,gc_percent
10,7.379895374,NaN,2.115964889526367e-6,45,0.0
20,7.464650734,NaN,2.115964889526367e-6,45,0.0
30,7.598062829,NaN,2.115964889526367e-6,45,0.0
40,7.468773998,NaN,2.115964889526367e-6,45,0.0
50,7.586754215,NaN,2.115964889526367e-6,45,0.0
