n_z,time_mean,time_std,memory_estimate,allocations,gc_percent
10,0.005484015,NaN,2.0563602447509766e-6,41,0.0
20,0.034610764,NaN,2.0563602447509766e-6,41,0.0
30,0.097476006,NaN,2.0563602447509766e-6,41,0.0
40,0.081441313,NaN,2.0563602447509766e-6,41,0.0
50,0.098002202,NaN,2.0563602447509766e-6,41,0.0
