n_z,time_mean,time_std,memory_estimate,allocations,gc_percent
10,7.515754499,NaN,2.115964889526367e-6,45,0.0
20,7.485541036,NaN,2.115964889526367e-6,45,0.0
30,7.424679428,NaN,2.115964889526367e-6,45,0.0
40,7.459054806,NaN,2.115964889526367e-6,45,0.0
50,7.625920153,NaN,2.115964889526367e-6,45,0.0
