n_z,time_mean,time_std,memory_estimate,allocations,gc_percent
10,0.004560553,NaN,2.175569534301758e-6,45,0.0
20,0.004551634,NaN,2.175569534301758e-6,45,0.0
30,0.004668776,NaN,2.175569534301758e-6,45,0.0
40,0.004648166,NaN,2.175569534301758e-6,45,0.0
50,0.004648516,NaN,2.175569534301758e-6,45,0.0
