n_z,time_mean,time_std,memory_estimate,allocations,gc_percent
10,0.022190878,NaN,2.175569534301758e-6,45,0.0
20,0.022485886,NaN,2.175569534301758e-6,45,0.0
30,0.022803403,NaN,2.175569534301758e-6,45,0.0
40,0.022669991,NaN,2.175569534301758e-6,45,0.0
50,0.022812114,NaN,2.175569534301758e-6,45,0.0
