n_z,time_mean,time_std,memory_estimate,allocations,gc_percent
10,0.02221853,NaN,2.175569534301758e-6,45,0.0
20,0.02277459,NaN,2.175569534301758e-6,45,0.0
30,0.023029535,NaN,2.175569534301758e-6,45,0.0
40,0.022863841,NaN,2.175569534301758e-6,45,0.0
50,0.023112668,NaN,2.175569534301758e-6,45,0.0
