n_z,time_mean,time_std,memory_estimate,allocations,gc_percent
10,0.096970457,0.002290323999931524,2.115964889526367e-6,45,0.0
20,0.091995182,0.0036065114795171987,2.115964889526367e-6,45,0.0
30,0.106394601,0.0030605884191816776,2.115964889526367e-6,45,0.0
40,0.118521779,0.0029623746471640505,2.115964889526367e-6,45,0.0
50,0.119647066,0.009469886710129272,2.115964889526367e-6,45,0.0
