n_z,time_mean,time_std,memory_estimate,allocations,gc_percent
10,0.042331994,NaN,3.2633543014526367e-6,72,0.0
20,0.044396658,NaN,3.2633543014526367e-6,72,0.0
30,0.046547641,NaN,3.2633543014526367e-6,72,0.0
40,0.046784781,NaN,3.2633543014526367e-6,72,0.0
50,0.048997694,NaN,3.2633543014526367e-6,72,0.0
