n_z,time_mean,time_std,memory_estimate,allocations,gc_percent
10,0.004960896,NaN,2.175569534301758e-6,45,0.0
20,0.004808493,NaN,2.175569534301758e-6,45,0.0
30,0.004985008,NaN,2.175569534301758e-6,45,0.0
40,0.005156421,NaN,2.175569534301758e-6,45,0.0
50,0.004971217,NaN,2.175569534301758e-6,45,0.0
