n_z,time_mean,time_std,memory_estimate,allocations,gc_percent
10,0.014469122,NaN,1.4454126358032227e-6,32,0.0
20,0.028665877,NaN,1.4454126358032227e-6,32,0.0
30,0.063397721,NaN,1.4454126358032227e-6,32,0.0
40,0.10863673,NaN,1.4454126358032227e-6,32,0.0
50,0.245861935,NaN,1.4454126358032227e-6,32,0.0
