n_z,time_mean,time_std,memory_estimate,allocations,gc_percent
10,0.018720593,NaN,1.4454126358032227e-6,32,0.0
20,0.050895031,NaN,1.4454126358032227e-6,32,0.0
30,0.123869808,NaN,1.4454126358032227e-6,32,0.0
40,0.206138288,NaN,1.4454126358032227e-6,32,0.0
50,0.356710584,NaN,1.4454126358032227e-6,32,0.0
