n_z,time_mean,time_std,memory_estimate,allocations,gc_percent
10,0.489351484,0.026111134917665067,2.115964889526367e-6,45,0.0
20,0.474127902,0.0021617237179298605,2.115964889526367e-6,45,0.0
30,0.514439712,0.02119715069744993,2.115964889526367e-6,45,0.0
40,0.473302979,0.014589427331878999,2.115964889526367e-6,45,0.0
50,0.520662887,0.009084280013863069,2.115964889526367e-6,45,0.0
