n_z,time_mean,time_std,memory_estimate,allocations,gc_percent
10,0.004964276,NaN,2.175569534301758e-6,45,0.0
20,0.005010286,NaN,2.175569534301758e-6,45,0.0
30,0.005083538,NaN,2.175569534301758e-6,45,0.0
40,0.005118129,NaN,2.175569534301758e-6,45,0.0
50,0.005185031,NaN,2.175569534301758e-6,45,0.0
