n_z,time_mean,time_std,memory_estimate,allocations,gc_percent
10,0.00510621,NaN,2.175569534301758e-6,45,0.0
20,0.004943535,NaN,2.175569534301758e-6,45,0.0
30,0.004974706,NaN,2.175569534301758e-6,45,0.0
40,0.005139251,NaN,2.175569534301758e-6,45,0.0
50,0.005044199,NaN,2.175569534301758e-6,45,0.0
