n_z,time_mean,time_std,memory_estimate,allocations,gc_percent
10,7.202806043,NaN,2.115964889526367e-6,45,0.0
20,7.4691896,NaN,2.115964889526367e-6,45,0.0
30,7.426169968,NaN,2.115964889526367e-6,45,0.0
40,7.31590823,NaN,2.115964889526367e-6,45,0.0
50,7.674249982,NaN,2.115964889526367e-6,45,0.0
