n_z,time_mean,time_std,memory_estimate,allocations,gc_percent
10,20.424578591,NaN,2.115964889526367e-6,45,0.0
20,19.34786526,NaN,2.115964889526367e-6,45,0.0
30,18.610493592,NaN,2.115964889526367e-6,45,0.0
40,19.393808051,NaN,2.115964889526367e-6,45,0.0
50,19.126685091,NaN,2.115964889526367e-6,45,0.0
