n_z,time_mean,time_std,memory_estimate,allocations,gc_percent
10,0.072160591,0.00031899991062381196,2.175569534301758e-6,45,0.0
20,0.073398341,0.0002036029123612921,2.175569534301758e-6,45,0.0
30,0.074251299,4.3315947201925524e-5,2.175569534301758e-6,45,0.0
40,0.073892012,0.00013843383008679634,2.175569534301758e-6,45,0.0
50,0.075194089,0.0013239909797343786,2.175569534301758e-6,45,0.0
