n_z,time_mean,time_std,memory_estimate,allocations,gc_percent
10,0.023773509,NaN,3.2633543014526367e-6,72,0.0
20,0.024169187,NaN,3.2633543014526367e-6,72,0.0
30,0.024517326,NaN,3.2633543014526367e-6,72,0.0
40,0.024632079,NaN,3.2633543014526367e-6,72,0.0
50,0.024579157,NaN,3.2633543014526367e-6,72,0.0
