n_z,time_mean,time_std,memory_estimate,allocations,gc_percent
10,0.004843634,NaN,2.175569534301758e-6,45,0.0
20,0.004839965,NaN,2.175569534301758e-6,45,0.0
30,0.004933085,NaN,2.175569534301758e-6,45,0.0
40,0.00509176,NaN,2.175569534301758e-6,45,0.0
50,0.005018029,NaN,2.175569534301758e-6,45,0.0
