n_z,time_mean,time_std,memory_estimate,allocations,gc_percent
10,0.004581332,NaN,2.175569534301758e-6,45,0.0
20,0.004900641,NaN,2.175569534301758e-6,45,0.0
30,0.004811158,NaN,2.175569534301758e-6,45,0.0
40,0.004672337,NaN,2.175569534301758e-6,45,0.0
50,0.004658025,NaN,2.175569534301758e-6,45,0.0
