N_t,time_mean,time_std,memory_estimate,allocations,gc_percent
2,13.105681446,NaN,2.115964889526367e-6,45,0.0
4,25.339751251,NaN,2.115964889526367e-6,45,0.0
6,38.386133718,NaN,2.115964889526367e-6,45,0.0
8,52.540411307,NaN,2.115964889526367e-6,45,0.0
10,67.34869078,NaN,2.115964889526367e-6,45,0.0
12,83.504998134,NaN,2.115964889526367e-6,45,0.0
