N_t,time_mean,time_std,memory_estimate,allocations,gc_percent
2,0.161291615,NaN,2.205371856689453e-6,45,0.0
4,0.316132236,NaN,2.205371856689453e-6,45,0.0
6,0.47678804,NaN,2.205371856689453e-6,45,0.0
8,0.643576496,NaN,2.205371856689453e-6,45,0.0
10,0.80189971,NaN,2.205371856689453e-6,45,0.0
12,0.965902317,NaN,2.205371856689453e-6,45,0.0
