N_t,time_mean,time_std,memory_estimate,allocations,gc_percent
2,0.273322905,NaN,2.175569534301758e-6,45,0.0
4,0.549046739,NaN,2.175569534301758e-6,45,0.0
6,0.862070354,NaN,2.175569534301758e-6,45,0.0
8,1.12163352,NaN,2.175569534301758e-6,45,0.0
10,1.467906782,NaN,2.175569534301758e-6,45,0.0
12,1.693384164,NaN,2.175569534301758e-6,45,0.0
