N_t,time_mean,time_std,memory_estimate,allocations,gc_percent
2,6.187990073,NaN,2.115964889526367e-6,45,0.0
4,11.905544311,NaN,2.115964889526367e-6,45,0.0
6,16.57113301,NaN,2.115964889526367e-6,45,0.0
8,21.48210789,NaN,2.115964889526367e-6,45,0.0
10,26.186607497,NaN,2.115964889526367e-6,45,0.0
12,30.924187264,NaN,2.115964889526367e-6,45,0.0
