N_t,time_mean,time_std,memory_estimate,allocations,gc_percent
2,6.071230664,NaN,2.115964889526367e-6,45,0.0
4,11.470845065,NaN,2.115964889526367e-6,45,0.0
6,16.381489566,NaN,2.115964889526367e-6,45,0.0
8,21.296904767,NaN,2.115964889526367e-6,45,0.0
10,25.563045386,NaN,2.115964889526367e-6,45,0.0
12,30.57706729,NaN,2.115964889526367e-6,45,0.0
