N_t,time_mean,time_std,memory_estimate,allocations,gc_percent
2,0.153740253,NaN,2.175569534301758e-6,45,0.0
4,0.31128486,NaN,2.175569534301758e-6,45,0.0
6,0.460160149,NaN,2.175569534301758e-6,45,0.0
8,0.623154512,NaN,2.175569534301758e-6,45,0.0
10,0.782974504,NaN,2.175569534301758e-6,45,0.0
12,0.934661909,NaN,2.175569534301758e-6,45,0.0
