N_t,time_mean,time_std,memory_estimate,allocations,gc_percent
2,13.248353399,NaN,2.115964889526367e-6,45,0.0
4,25.730933081,NaN,2.115964889526367e-6,45,0.0
6,40.186035239,NaN,2.115964889526367e-6,45,0.0
8,54.51811852,NaN,2.115964889526367e-6,45,0.0
10,72.418149648,NaN,2.115964889526367e-6,45,0.0
12,89.651347044,NaN,2.115964889526367e-6,45,0.0
