N_t,time_mean,time_std,memory_estimate,allocations,gc_percent
2,0.156708713,NaN,2.205371856689453e-6,45,0.0
4,0.30997659,NaN,2.205371856689453e-6,45,0.0
6,0.481288668,NaN,2.205371856689453e-6,45,0.0
8,0.636728503,NaN,2.205371856689453e-6,45,0.0
10,0.790147548,NaN,2.205371856689453e-6,45,0.0
12,0.959842555,NaN,2.205371856689453e-6,45,0.0
