N_t,time_mean,time_std,memory_estimate,allocations,gc_percent
2,36.45947358,NaN,2.115964889526367e-6,45,0.0
4,75.696404948,NaN,2.115964889526367e-6,45,0.0
6,117.631903665,NaN,2.115964889526367e-6,45,0.0
8,176.366033758,NaN,2.115964889526367e-6,45,0.0
10,216.138079879,NaN,2.115964889526367e-6,45,0.0
12,271.260916771,NaN,2.115964889526367e-6,45,0.0
