N_t,time_mean,time_std,memory_estimate,allocations,gc_percent
2,35.148697916,NaN,2.115964889526367e-6,45,0.0
4,78.298393789,NaN,2.115964889526367e-6,45,0.0
6,128.492165256,NaN,2.115964889526367e-6,45,0.0
8,186.467276654,NaN,2.115964889526367e-6,45,0.0
10,220.407623378,NaN,2.115964889526367e-6,45,0.0
12,276.916856381,NaN,2.115964889526367e-6,45,0.0
