N_t,time_mean,time_std,memory_estimate,allocations,gc_percent
2,13.414020254,NaN,2.115964889526367e-6,45,0.0
4,25.751472701,NaN,2.115964889526367e-6,45,0.0
6,38.622931087,NaN,2.115964889526367e-6,45,0.0
8,52.39473277,NaN,2.115964889526367e-6,45,0.0
10,69.126264084,NaN,2.115964889526367e-6,45,0.0
12,87.481691842,NaN,2.115964889526367e-6,45,0.0
