N_t,time_mean,time_std,memory_estimate,allocations,gc_percent
2,0.875568212,NaN,2.175569534301758e-6,45,0.0
3,1.362475933,NaN,2.175569534301758e-6,45,0.0
4,1.740485513,NaN,2.175569534301758e-6,45,0.0
5,2.253277091,NaN,2.175569534301758e-6,45,0.0
6,2.648051881,NaN,2.175569534301758e-6,45,0.0
7,3.063519009,NaN,2.175569534301758e-6,45,0.0
