{
    "fid_infinity": 57.87533594176972,
    "fid_std_error": 0.10691720702244441,
    "fid_r2": 0.9964540914119955,
    "kid_infinity": 0.05262567419148271,
    "kid_std_error": 0.0001363561913074286,
    "kid_r2": 0.1500023314657568,
    "fid_values": [
        70.88997121402451,
        64.22171112995096,
        61.945093277175886,
        60.93814779145566,
        60.127874701769315,
        60.33221917975408,
        59.56587456480696,
        59.68653604684556,
        59.454691346578784,
        59.30838729877388
    ],
    "kid_values": [
        0.053061130046844485,
        0.05290551424026489,
        0.052409780025482175,
        0.052853796482086185,
        0.05267625093460083,
        0.05313066720962525,
        0.05226297616958618,
        0.052966539859771726,
        0.052434823513031005,
        0.05276069164276123
    ],
    "batch_sizes": [
        2000,
        4000,
        6000,
        8000,
        10000,
        12000,
        14000,
        16000,
        18000,
        20000
    ]
}