{
    "fid_infinity": 53.373784508440146,
    "fid_std_error": 0.11676158302258163,
    "fid_r2": 0.9955507840486654,
    "kid_infinity": 0.04064452862538402,
    "kid_std_error": 0.0001417875341747307,
    "kid_r2": 0.12350863127821887,
    "fid_values": [
        66.02647057364504,
        59.710772115106465,
        57.080897705674886,
        56.30411890283898,
        55.904157618288764,
        55.49244105073609,
        55.61500879648355,
        54.963436484126476,
        54.75711397673456,
        54.63841643436456
    ],
    "kid_values": [
        0.04032504796981812,
        0.04044500827789307,
        0.04013999223709106,
        0.04038476705551147,
        0.04091134548187256,
        0.04062129974365234,
        0.04111148595809937,
        0.04070849657058716,
        0.040343077182769777,
        0.040334711074829104
    ],
    "batch_sizes": [
        2000,
        4000,
        6000,
        8000,
        10000,
        12000,
        14000,
        16000,
        18000,
        20000
    ]
}