{
    "fid_infinity": 82.98203675975118,
    "fid_std_error": 0.2575657464317117,
    "fid_r2": 0.9714042278340818,
    "kid_infinity": 0.0746611067229224,
    "kid_std_error": 0.00035715133000205676,
    "kid_r2": 0.39413209407900296,
    "fid_values": [
        93.62741906725319,
        89.33360500091959,
        86.0426418289818,
        84.89620332896169,
        84.77643207275844,
        84.63887898333257,
        85.07582208626644,
        84.55467542561621,
        84.29301574664339,
        84.1726859855558
    ],
    "kid_values": [
        0.07232215642929077,
        0.07501033782958984,
        0.07317490577697754,
        0.07341942548751831,
        0.07369460582733155,
        0.07417094945907593,
        0.07534881591796876,
        0.07470697164535522,
        0.07428543329238892,
        0.07441554069519044
    ],
    "batch_sizes": [
        2000,
        4000,
        6000,
        8000,
        10000,
        12000,
        14000,
        16000,
        18000,
        20000
    ]
}