{
    "fid_infinity": 85.49093564219243,
    "fid_std_error": 0.343267108222077,
    "fid_r2": 0.9633628569200237,
    "kid_infinity": 0.07894974709444237,
    "kid_std_error": 0.0004476544576128759,
    "kid_r2": 0.11665862028799112,
    "fid_values": [
        98.7552468334265,
        89.98457224737484,
        90.07928703927405,
        89.17637138815928,
        87.97744987849444,
        87.73605566858123,
        87.40226915935449,
        87.03838125112338,
        87.07556606993893,
        86.72600879593665
    ],
    "kid_values": [
        0.07850725173950196,
        0.07626121282577515,
        0.07851665019989014,
        0.07979971885681153,
        0.0784082317352295,
        0.0793446135520935,
        0.07903160095214844,
        0.07911807775497437,
        0.07879413366317749,
        0.07829253435134888
    ],
    "batch_sizes": [
        2000,
        4000,
        6000,
        8000,
        10000,
        12000,
        14000,
        16000,
        18000,
        20000
    ]
}