{
    "fid_infinity": 63.63915949818862,
    "fid_std_error": 0.1449699767061886,
    "fid_r2": 0.9920783585021752,
    "kid_infinity": 0.0582081227498072,
    "kid_std_error": 0.000152997560085097,
    "kid_r2": 0.3495505697429563,
    "fid_values": [
        75.41332477290507,
        69.01714680069585,
        68.08843117569069,
        66.13139975670083,
        66.03417297666749,
        65.57760853943955,
        65.19798299905545,
        65.21882327784846,
        65.01651218257092,
        64.83668769850516
    ],
    "kid_values": [
        0.05735153675079346,
        0.05783941745758057,
        0.058168599605560305,
        0.05761505365371704,
        0.05842531442642212,
        0.05824155330657959,
        0.057608950138092044,
        0.058525359630584715,
        0.057989006042480466,
        0.057956180572509765
    ],
    "batch_sizes": [
        2000,
        4000,
        6000,
        8000,
        10000,
        12000,
        14000,
        16000,
        18000,
        20000
    ]
}