{
    "fid_infinity": 63.08429721267824,
    "fid_std_error": 0.13970612427828724,
    "fid_r2": 0.9949952372718993,
    "kid_infinity": 0.0499490380378233,
    "kid_std_error": 0.00019906581539880924,
    "kid_r2": 0.6721437670172543,
    "fid_values": [
        77.52845512741737,
        69.80886921726528,
        67.47779224897107,
        66.33561470865197,
        65.62361626285536,
        65.53113246686615,
        65.41957994034067,
        65.0807496182116,
        64.78710414836479,
        64.70349592133078
    ],
    "kid_values": [
        0.0522306489944458,
        0.05074943780899048,
        0.05019168376922607,
        0.0501909875869751,
        0.050081350803375245,
        0.05054692268371582,
        0.050896356105804445,
        0.05062535524368286,
        0.049657764434814455,
        0.05031795501708984
    ],
    "batch_sizes": [
        2000,
        4000,
        6000,
        8000,
        10000,
        12000,
        14000,
        16000,
        18000,
        20000
    ]
}