{
    "fid_infinity": 356.5181311142884,
    "fid_std_error": 0.1204917767728854,
    "fid_r2": 0.6824148238376242,
    "kid_infinity": 0.298597679141959,
    "kid_std_error": 0.0003683357801372355,
    "kid_r2": 0.1004623435644969,
    "fid_values": [
        357.770737901078,
        357.1268655939035,
        356.6504192607994,
        357.1567422392174,
        357.26120222903285,
        356.75634313583237,
        356.69462047808236,
        356.5475433858706,
        356.4271553369824,
        356.50655588488746
    ],
    "kid_values": [
        0.2975535655021668,
        0.2983220672607422,
        0.2974402666091919,
        0.29938175678253176,
        0.299912121295929,
        0.29848929882049563,
        0.2982325553894043,
        0.2982068252563477,
        0.2978799557685852,
        0.2979680061340332
    ],
    "batch_sizes": [
        2000,
        4000,
        6000,
        8000,
        10000,
        12000,
        14000,
        16000,
        18000,
        20000
    ]
}