{
    "fid_infinity": 188.4052228723595,
    "fid_std_error": 0.1268670732740881,
    "fid_r2": 0.9900523349020769,
    "kid_infinity": 0.17079943025522243,
    "kid_std_error": 0.0001875669202976338,
    "kid_r2": 0.024800519610534977,
    "fid_values": [
        197.65757051274048,
        192.77973038001133,
        191.0959681734397,
        190.36725207760858,
        190.67083066513086,
        190.11039684284248,
        189.56255030247672,
        189.47631985315132,
        189.6316366081667,
        189.3344256074188
    ],
    "kid_values": [
        0.17092784643173217,
        0.1700566267967224,
        0.17034616231918334,
        0.17046419620513917,
        0.1712564516067505,
        0.1708269262313843,
        0.17113914728164673,
        0.17101696491241455,
        0.17079498291015624,
        0.17053554058074952
    ],
    "batch_sizes": [
        2000,
        4000,
        6000,
        8000,
        10000,
        12000,
        14000,
        16000,
        18000,
        20000
    ]
}