{
    "fid_infinity": 449.86715279216276,
    "fid_std_error": 0.13236998728725588,
    "fid_r2": 0.8508426982157415,
    "kid_infinity": 0.4896264189699381,
    "kid_std_error": 0.0005689997095627947,
    "kid_r2": 0.3480202518567497,
    "fid_values": [
        452.1037899642218,
        451.3161775317555,
        450.6520698593376,
        449.89753659988,
        449.9399449655215,
        450.37025824328276,
        450.2965935050058,
        450.3573814812543,
        450.1510113629178,
        450.2397756471604
    ],
    "kid_values": [
        0.4923677349090576,
        0.4923891043663025,
        0.4910463881492615,
        0.48942655324935913,
        0.48769498109817505,
        0.4896068072319031,
        0.49066911458969115,
        0.4906276535987854,
        0.49009215116500854,
        0.49109200000762937
    ],
    "batch_sizes": [
        2000,
        4000,
        6000,
        8000,
        10000,
        12000,
        14000,
        16000,
        18000,
        20000
    ]
}