{
    "fid_infinity": 120.27798600734036,
    "fid_std_error": 0.13041871581501244,
    "fid_r2": 0.9924375764836296,
    "kid_infinity": 0.10667052420560748,
    "kid_std_error": 0.00014555887530219537,
    "kid_r2": 0.003772473460379566,
    "fid_values": [
        131.22061584839724,
        125.27917554513624,
        123.38886394524798,
        123.36685155217322,
        122.38561405433336,
        122.11132730559035,
        122.01340212985906,
        121.60658630813833,
        121.44601465169524,
        121.4017587818339
    ],
    "kid_values": [
        0.10672311305999756,
        0.10643862962722778,
        0.10631479263305664,
        0.10692998886108399,
        0.10648449182510376,
        0.10676832914352417,
        0.10720831155776978,
        0.10676005363464355,
        0.10625855445861816,
        0.10663048267364501
    ],
    "batch_sizes": [
        2000,
        4000,
        6000,
        8000,
        10000,
        12000,
        14000,
        16000,
        18000,
        20000
    ]
}