{
    "fid_infinity": 403.2897279430501,
    "fid_std_error": 0.025851846145517183,
    "fid_r2": 0.43476832637014406,
    "kid_infinity": 0.3805346751398058,
    "kid_std_error": 0.00012190627828282722,
    "kid_r2": 0.01950455311164645,
    "fid_values": [
        403.14793394394496,
        403.174651263405,
        403.1937804885839,
        403.32380470685536,
        403.1472788454976,
        403.29641447169655,
        403.29219524410354,
        403.2794458016377,
        403.30130945268,
        403.26333862529134
    ],
    "kid_values": [
        0.3804451084136963,
        0.3804303550720215,
        0.3803309631347656,
        0.38090326070785524,
        0.3802262997627258,
        0.3801872634887695,
        0.380813410282135,
        0.3804940223693848,
        0.3807494926452637,
        0.38040475130081175
    ],
    "batch_sizes": [
        2000,
        4000,
        6000,
        8000,
        10000,
        12000,
        14000,
        16000,
        18000,
        20000
    ]
}