{
    "fid_infinity": 391.1689146523369,
    "fid_std_error": 0.031156351364654025,
    "fid_r2": 0.394875969769792,
    "kid_infinity": 0.34084647362773457,
    "kid_std_error": 0.00029594882473891397,
    "kid_r2": 0.5928899177893217,
    "fid_values": [
        391.30523490670095,
        391.2846930248868,
        391.3177476299158,
        391.3072248381732,
        391.1880322973276,
        391.13808303218883,
        391.2438339648545,
        391.1868970754648,
        391.1047747536697,
        391.1422653905149
    ],
    "kid_values": [
        0.33822853088378907,
        0.33945671558380125,
        0.33979745864868166,
        0.34133881092071533,
        0.33983912944793704,
        0.34005305290222165,
        0.3414408493041992,
        0.34062262773513796,
        0.34008795976638795,
        0.3400838208198547
    ],
    "batch_sizes": [
        2000,
        4000,
        6000,
        8000,
        10000,
        12000,
        14000,
        16000,
        18000,
        20000
    ]
}