{
    "fid_infinity": 100.29926491036409,
    "fid_std_error": 0.1462462619923374,
    "fid_r2": 0.9567256292337063,
    "kid_infinity": 0.09256377951982038,
    "kid_std_error": 0.00025476629903651915,
    "kid_r2": 0.29015646623504576,
    "fid_values": [
        105.13399654608276,
        102.98614108336275,
        102.34973479140575,
        100.8331729040222,
        101.37644537076994,
        101.20937631599833,
        101.15198195154062,
        100.9136600205496,
        100.73045937853047,
        100.77837770248252
    ],
    "kid_values": [
        0.09138352870941162,
        0.09159615993499756,
        0.09300220489501954,
        0.09162614107131958,
        0.09252724170684815,
        0.09276952505111695,
        0.0930738878250122,
        0.09214415788650512,
        0.09214076042175293,
        0.09194648504257202
    ],
    "batch_sizes": [
        2000,
        4000,
        6000,
        8000,
        10000,
        12000,
        14000,
        16000,
        18000,
        20000
    ]
}