{
    "fid_infinity": 108.91672549628763,
    "fid_std_error": 0.23473715748565252,
    "fid_r2": 0.9493856181943126,
    "kid_infinity": 0.10277909744108958,
    "kid_std_error": 0.00027109218674459474,
    "kid_r2": 0.42966536806298383,
    "fid_values": [
        116.78099531317855,
        111.44688764891654,
        110.95197878078136,
        110.74643462929203,
        110.54560097712624,
        110.32896743991296,
        110.11950992249953,
        109.74289680485037,
        110.00134002358021,
        109.89667084766293
    ],
    "kid_values": [
        0.10507658481597901,
        0.10239892482757568,
        0.10283888816833496,
        0.10328686237335205,
        0.10328479528427124,
        0.10331755638122558,
        0.10327441215515137,
        0.10289939403533936,
        0.10352790832519532,
        0.10283722639083863
    ],
    "batch_sizes": [
        2000,
        4000,
        6000,
        8000,
        10000,
        12000,
        14000,
        16000,
        18000,
        20000
    ]
}