{
    "fid_infinity": 122.46452123985375,
    "fid_std_error": 0.10259565023357735,
    "fid_r2": 0.9857587419607134,
    "kid_infinity": 0.1293253624332941,
    "kid_std_error": 0.00010823730674262037,
    "kid_r2": 0.8649297809184061,
    "fid_values": [
        128.53416716139648,
        125.4103153530547,
        124.95902560995813,
        124.17318714595334,
        123.48380756114608,
        123.59582692944127,
        123.13816884381066,
        123.07702427673692,
        123.10632083238576,
        123.12985458418365
    ],
    "kid_values": [
        0.13131285429000855,
        0.13011689424514772,
        0.13012778520584106,
        0.1301870322227478,
        0.12930495738983155,
        0.12974135637283324,
        0.1296744966506958,
        0.12966718435287475,
        0.12953562498092652,
        0.12934930562973024
    ],
    "batch_sizes": [
        2000,
        4000,
        6000,
        8000,
        10000,
        12000,
        14000,
        16000,
        18000,
        20000
    ]
}