{
    "fid_infinity": 120.70900962877118,
    "fid_std_error": 0.0743565185658893,
    "fid_r2": 0.9912726299546828,
    "kid_infinity": 0.12665923593455722,
    "kid_std_error": 6.736063112139526e-05,
    "kid_r2": 0.7338473024749703,
    "fid_values": [
        126.48670044156273,
        123.48807071402379,
        122.50247931760916,
        122.08936468105964,
        121.5951334797675,
        121.54021449215793,
        121.75124720748272,
        121.62148032923011,
        121.38554118964132,
        121.30618599627275
    ],
    "kid_values": [
        0.12753812074661255,
        0.12694574356079102,
        0.12696110010147094,
        0.1267112374305725,
        0.1267055606842041,
        0.12665385246276856,
        0.12705059051513673,
        0.1267816686630249,
        0.1268496561050415,
        0.1267486310005188
    ],
    "batch_sizes": [
        2000,
        4000,
        6000,
        8000,
        10000,
        12000,
        14000,
        16000,
        18000,
        20000
    ]
}