{
    "fid_infinity": 181.40801662757355,
    "fid_std_error": 0.13168941213910895,
    "fid_r2": 0.9906990125547551,
    "kid_infinity": 0.17626008910167074,
    "kid_std_error": 0.0002242124848467975,
    "kid_r2": 0.03345231616053157,
    "fid_values": [
        191.20571802152966,
        185.91082308562838,
        184.97076633529795,
        183.91150547089532,
        183.81593886145805,
        183.21792677491143,
        182.60705696382925,
        182.3448327829664,
        182.40729486523915,
        182.28945643297646
    ],
    "kid_values": [
        0.17685447216033937,
        0.1756785273551941,
        0.17602388858795165,
        0.17652779340744018,
        0.17709420442581178,
        0.17654610633850099,
        0.17594482660293578,
        0.17609267950057983,
        0.1766675305366516,
        0.17604864597320558
    ],
    "batch_sizes": [
        2000,
        4000,
        6000,
        8000,
        10000,
        12000,
        14000,
        16000,
        18000,
        20000
    ]
}