{
    "fid_infinity": 249.1498238591884,
    "fid_std_error": 0.18347889853326446,
    "fid_r2": 0.9688748661388954,
    "kid_infinity": 0.25748246568637895,
    "kid_std_error": 0.0003209749444002877,
    "kid_r2": 0.001548963134875625,
    "fid_values": [
        256.3245929824651,
        252.88497201712426,
        252.30776981303356,
        251.3283878638348,
        249.93648517412984,
        250.16814725455822,
        250.3219549859327,
        250.12840887379704,
        249.86091136818888,
        249.77884063871156
    ],
    "kid_values": [
        0.2570712399482727,
        0.25812789916992185,
        0.2587209010124207,
        0.257654972076416,
        0.2564420413970947,
        0.2575364017486572,
        0.2578585076332092,
        0.25734907150268554,
        0.2573848533630371,
        0.2569448137283325
    ],
    "batch_sizes": [
        2000,
        4000,
        6000,
        8000,
        10000,
        12000,
        14000,
        16000,
        18000,
        20000
    ]
}