{
    "fid_infinity": 241.14423544475602,
    "fid_std_error": 0.1903918421739643,
    "fid_r2": 0.9793669110191437,
    "kid_infinity": 0.2434614371964663,
    "kid_std_error": 0.00037354939019394355,
    "kid_r2": 0.2331067188346878,
    "fid_values": [
        250.4090972561047,
        246.52332542227484,
        243.80665428026882,
        243.8457113381544,
        242.43487989076422,
        242.765060622091,
        242.3163710434359,
        242.25997295692756,
        242.35547917219546,
        242.32937382977087
    ],
    "kid_values": [
        0.24440453052520753,
        0.24555341482162477,
        0.24350701808929442,
        0.24486390113830567,
        0.24264899492263795,
        0.24381542682647706,
        0.24350666999816895,
        0.2439584255218506,
        0.24314428806304933,
        0.24354565620422364
    ],
    "batch_sizes": [
        2000,
        4000,
        6000,
        8000,
        10000,
        12000,
        14000,
        16000,
        18000,
        20000
    ]
}