{
    "fid_infinity": 234.71442831064388,
    "fid_std_error": 0.1560351443152151,
    "fid_r2": 0.972618425106631,
    "kid_infinity": 0.23008163163864592,
    "kid_std_error": 0.00024972795744791613,
    "kid_r2": 0.6077225035423381,
    "fid_values": [
        241.40970375092317,
        237.81238813376817,
        237.1025112202175,
        236.45730161981433,
        236.27521682456037,
        236.44766077234718,
        235.106958683379,
        235.47373646822209,
        235.32730440108656,
        235.30150063909102
    ],
    "kid_values": [
        0.22759228944778442,
        0.22926570415496828,
        0.22948571920394897,
        0.22961185693740846,
        0.23016551733016968,
        0.2305462908744812,
        0.22884607553482056,
        0.22968796014785767,
        0.22943625450134278,
        0.22963756799697876
    ],
    "batch_sizes": [
        2000,
        4000,
        6000,
        8000,
        10000,
        12000,
        14000,
        16000,
        18000,
        20000
    ]
}