{
    "fid_infinity": 244.4980145814443,
    "fid_std_error": 0.2436435465490227,
    "fid_r2": 0.9537729726706236,
    "kid_infinity": 0.2577278061785146,
    "kid_std_error": 0.0006518729290718358,
    "kid_r2": 0.14590902611681023,
    "fid_values": [
        252.02579461917406,
        249.20749836711425,
        247.9220242570586,
        245.76111104868392,
        246.42156969385994,
        245.603665477623,
        245.7162893009855,
        245.3572844341214,
        245.1164544623831,
        245.13771934430846
    ],
    "kid_values": [
        0.2543901300430298,
        0.2591423225402832,
        0.2592444634437561,
        0.25615346908569336,
        0.2574992418289185,
        0.2570415449142456,
        0.25732821464538574,
        0.25725740909576417,
        0.2563588976860046,
        0.2571924304962158
    ],
    "batch_sizes": [
        2000,
        4000,
        6000,
        8000,
        10000,
        12000,
        14000,
        16000,
        18000,
        20000
    ]
}