{
    "fid_infinity": 216.58248384086488,
    "fid_std_error": 0.14385248400834413,
    "fid_r2": 0.987475183981465,
    "kid_infinity": 0.20481539298798485,
    "kid_std_error": 0.0001587064364995803,
    "kid_r2": 0.6682037798266043,
    "fid_values": [
        225.9836151479563,
        220.8466599222177,
        219.10295151690843,
        219.1138336045316,
        218.70766087517987,
        217.8101293413651,
        217.9797764835042,
        217.9462984416068,
        217.62796233224321,
        217.58544754705196
    ],
    "kid_values": [
        0.20658977270126344,
        0.20523162603378295,
        0.2050629472732544,
        0.2057795548439026,
        0.2053828263282776,
        0.20461223840713502,
        0.20521653890609742,
        0.2050730061531067,
        0.2049216628074646,
        0.20502333402633666
    ],
    "batch_sizes": [
        2000,
        4000,
        6000,
        8000,
        10000,
        12000,
        14000,
        16000,
        18000,
        20000
    ]
}