{
    "fid_infinity": 225.3380556152159,
    "fid_std_error": 0.10867203580584768,
    "fid_r2": 0.988427375475622,
    "kid_infinity": 0.22628636919900302,
    "kid_std_error": 0.00021901797695366042,
    "kid_r2": 0.4821352453947786,
    "fid_values": [
        232.4454661252198,
        229.32756670071686,
        227.46665608688946,
        227.19979864361764,
        226.65940940698206,
        226.8903547214459,
        226.21983910995124,
        226.08299424309484,
        226.14035785694503,
        226.0830331143898
    ],
    "kid_values": [
        0.22449917316436768,
        0.22627283573150636,
        0.2255738830566406,
        0.22586514234542845,
        0.22575397968292235,
        0.22633440732955934,
        0.22637055635452272,
        0.22598418474197388,
        0.22529205322265625,
        0.22647032022476196
    ],
    "batch_sizes": [
        2000,
        4000,
        6000,
        8000,
        10000,
        12000,
        14000,
        16000,
        18000,
        20000
    ]
}