{
    "fid_infinity": 239.0992107413463,
    "kid_infinity": 0.23348942372710407,
    "fid_values": [
        253.48954136623726,
        250.79458515945913,
        249.82911473717655,
        248.007839313713,
        246.0530809413302,
        246.30664074543313,
        245.2559523141981,
        245.25541240603368,
        244.88390414401988,
        244.26798601197152,
        243.9703771762627
    ],
    "kid_values": [
        0.23326367855072022,
        0.2328401565551758,
        0.23382655143737793,
        0.23406275987625122,
        0.23222768068313598,
        0.23360618591308593,
        0.23271114110946656,
        0.23320404052734375,
        0.23395843029022217,
        0.23298827886581422,
        0.23388340950012207
    ],
    "batch_sizes": [
        1000,
        1200,
        1400,
        1600,
        1800,
        2000,
        2200,
        2400,
        2600,
        2800,
        3000
    ]
}