{
    "fid_infinity": 226.74713872644188,
    "fid_std_error": 0.24362616661183614,
    "fid_r2": 0.9445141517129795,
    "kid_infinity": 0.22574571418326303,
    "kid_std_error": 0.0004218006307104288,
    "kid_r2": 0.21928521497649112,
    "fid_values": [
        233.53511949260857,
        231.27287971701404,
        228.83660275223252,
        229.25635139371917,
        228.09076507433653,
        228.2379528508859,
        227.7708652527763,
        227.2192829007342,
        227.11689909564373,
        227.28725147478318
    ],
    "kid_values": [
        0.22334232568740844,
        0.22675233602523803,
        0.22517041444778443,
        0.22582678079605104,
        0.22453322172164916,
        0.22575854539871215,
        0.2260734224319458,
        0.22501413583755492,
        0.22470472812652587,
        0.2255769634246826
    ],
    "batch_sizes": [
        2000,
        4000,
        6000,
        8000,
        10000,
        12000,
        14000,
        16000,
        18000,
        20000
    ]
}